CountryName,"Meal, Inexpensive Restaurant","Meal for 2 People, Mid-range Restaurant, Three-course",McMeal at McDonalds (or Equivalent Combo Meal),Cappuccino (regular),Coke/Pepsi (0.33 liter bottle),Water (0.33 liter bottle),"Milk (regular), (1 liter)",Loaf of Fresh White Bread (500g),"Rice (white), (1kg)",Eggs (regular) (12),Local Cheese (1kg),Chicken Fillets (1kg),Apples (1kg),Banana (1kg),Oranges (1kg),Tomato (1kg),Potato (1kg),Onion (1kg),Lettuce (1 head),Water (1.5 liter bottle),Cigarettes 20 Pack (Marlboro),One-way Ticket (Local Transport),Monthly Pass (Regular Price),Taxi Start (Normal Tariff),Taxi 1km (Normal Tariff),Taxi 1hour Waiting (Normal Tariff),Gasoline (1 liter),Volkswagen Golf 1.4 90 KW Trendline (Or Equivalent New Car),Toyota Corolla Sedan 1.6l 97kW Comfort (Or Equivalent New Car),"Basic (Electricity, Heating, Cooling, Water, Garbage) for 85m2 Apartment",1 min. of Prepaid Mobile Tariff Local (No Discounts or Plans),"Internet (60 Mbps or More, Unlimited Data, Cable/ADSL)","Fitness Club, Monthly Fee for 1 Adult",Tennis Court Rent (1 Hour on Weekend),"Cinema, International Release, 1 Seat","Preschool (or Kindergarten), Full Day, Private, Monthly for 1 Child","International Primary School, Yearly for 1 Child",1 Pair of Jeans (Levis 501 Or Similar),"1 Summer Dress in a Chain Store (Zara, H&M, ...)",1 Pair of Nike Running Shoes (Mid-Range),1 Pair of Men Leather Business Shoes,Apartment (1 bedroom) in City Centre,Apartment (1 bedroom) Outside of Centre,Apartment (3 bedrooms) in City Centre,Apartment (3 bedrooms) Outside of Centre,Price per Square Meter to Buy Apartment in City Centre,Price per Square Meter to Buy Apartment Outside of Centre,Average Monthly Net Salary (After Tax),"Mortgage Interest Rate in Percentages (%), Yearly, for 20 Years Fixed-Rate"
Afghanistan,1.70 $,6.82 $,3.10 $,1.06 $,0.38 $,0.17 $,0.60 $,0.24 $,1.17 $,1.24 $,3.03 $,2.58 $,0.78 $,1.01 $,1.07 $,0.49 $,0.29 $,0.25 $,0.23 $,0.30 $,1.42 $,0.23 $,14.20 $,0.85 $,0.80 $,3.41 $,0.87 $,"6,817.30 $","23,254.56 $",38.49 $,0.04 $,272.69 $,12.34 $,7.39 $,2.84 $,23.20 $,"1,533.89 $",18.05 $,18.33 $,29.54 $,32.95 $,84.47 $,51.94 $,214.46 $,129.24 $,615.20 $,259.81 $,186.06 $,12.94
Aland Islands,11.98 $,61.17 $,9.69 $,3.45 $,1.98 $,1.55 $,1.08 $,1.55 $,1.83 $,2.53 $,8.36 $,7.95 $,2.10 $,1.57 $,1.98 $,2.60 $,1.00 $,1.10 $,1.16 $,1.16 $,6.63 $,2.29 $,50.98 $,9.18 $,1.65 $,48.75 $,2.00 $,"23,959.91 $","23,450.13 $",115.86 $,0.10 $,32.10 $,45.46 $,19.12 $,14.27 $,132.54 $,"6,117.42 $",88.36 $,22.09 $,112.15 $,125.75 $,713.70 $,535.27 $,"1,172.51 $",943.10 $,"2,718.86 $","1,937.18 $","2,472.46 $",1.95
Albania,4.32 $,25.91 $,4.32 $,1.18 $,1.16 $,0.57 $,1.14 $,0.62 $,1.18 $,1.97 $,5.42 $,4.50 $,0.90 $,1.53 $,1.08 $,1.03 $,0.68 $,0.63 $,0.68 $,0.49 $,2.89 $,0.35 $,13.82 $,2.59 $,2.59 $,12.23 $,1.73 $,"17,276.63 $","20,045.94 $",83.32 $,0.25 $,16.64 $,30.44 $,13.51 $,6.05 $,132.90 $,"2,545.00 $",39.62 $,31.59 $,71.69 $,77.56 $,315.73 $,194.22 $,534.12 $,322.94 $,"1,638.85 $",814.55 $,388.10 $,4.88
Alderney,22.06 $,71.53 $,9.54 $,3.48 $,1.97 $,0.99 $,1.79 $,2.38 $,?,?,?,?,?,?,?,?,?,?,?,?,?,?,?,7.15 $,?,?,2.21 $,?,?,118.48 $,0.05 $,44.11 $,?,?,?,?,?,?,?,?,?,?,?,?,953.77 $,?,?,?,?
Algeria,2.04 $,13.62 $,3.06 $,0.52 $,0.44 $,0.18 $,0.68 $,0.15 $,0.90 $,1.22 $,5.46 $,3.67 $,2.10 $,2.16 $,1.09 $,0.63 $,0.60 $,0.33 $,0.49 $,0.23 $,2.04 $,0.17 $,8.23 $,0.68 $,0.41 $,3.40 $,0.29 $,"21,958.42 $","21,802.95 $",39.77 $,0.06 $,35.12 $,15.38 $,10.06 $,3.40 $,49.69 $,"1,896.05 $",28.13 $,37.16 $,58.83 $,66.42 $,143.75 $,96.56 $,245.33 $,158.20 $,915.54 $,545.12 $,239.21 $,6.55
American Samoa,23.05 $,6.44 $,21.41 $,0.97 $,1.15 $,2.04 $,1.02 $,3.06 $,2.04 $,2.04 $,21.41 $,?,2.04 $,2.04 $,3.06 $,?,?,?,?,?,?,?,?,?,?,?,?,?,?,?,?,78.51 $,?,?,?,?,?,?,?,?,?,86.56 $,?,?,?,?,?,?,?
Andorra,12.23 $,40.78 $,8.16 $,1.61 $,1.80 $,1.31 $,0.75 $,1.04 $,1.38 $,2.06 $,14.27 $,9.03 $,1.95 $,1.43 $,2.04 $,2.53 $,1.12 $,1.22 $,0.97 $,0.95 $,5.10 $,1.89 $,48.43 $,2.65 $,1.17 $,5.10 $,1.19 $,"18,352.27 $",?,80.24 $,0.36 $,40.27 $,38.49 $,12.49 $,7.14 $,533.58 $,"10,739.48 $",91.76 $,35.68 $,86.66 $,91.76 $,750.21 $,602.82 $,"1,350.93 $","1,042.88 $","3,976.33 $","3,330.60 $","2,294.63 $",3.00
Angola,8.00 $,64.25 $,8.50 $,3.63 $,1.83 $,1.50 $,2.43 $,2.67 $,1.54 $,4.08 $,5.46 $,8.61 $,4.50 $,1.00 $,4.51 $,3.34 $,2.50 $,2.17 $,1.18 $,0.74 $,1.75 $,0.59 $,31.78 $,1.67 $,1.67 $,8.00 $,0.33 $,"25,051.15 $","18,773.02 $",45.00 $,0.17 $,97.00 $,41.75 $,28.35 $,4.84 $,"1,211.33 $",751.53 $,116.91 $,150.31 $,267.21 $,300.00 $,275.26 $,141.17 $,"6,670.08 $",584.53 $,"5,421.61 $","3,448.79 $","2,003.77 $",25.00
Anguilla,12.00 $,90.00 $,6.00 $,5.00 $,4.00 $,4.00 $,2.04 $,3.70 $,2.22 $,2.22 $,?,20.39 $,?,2.04 $,2.45 $,4.89 $,?,?,?,1.11 $,?,?,?,25.00 $,?,?,1.59 $,"45,000.00 $",?,225.00 $,0.15 $,77.50 $,45.00 $,?,?,150.00 $,"5,168.00 $",?,?,?,?,800.00 $,800.00 $,"2,000.00 $","1,750.00 $",?,?,"1,500.00 $",?
Antigua And Barbuda,9.25 $,101.76 $,8.33 $,4.81 $,3.05 $,1.94 $,2.04 $,2.50 $,1.88 $,3.89 $,6.56 $,7.88 $,12.24 $,3.19 $,6.20 $,4.17 $,5.19 $,1.70 $,2.41 $,1.43 $,4.44 $,0.93 $,33.30 $,?,?,?,1.22 $,?,?,203.92 $,?,67.84 $,65.99 $,?,6.75 $,175.76 $,"5,550.31 $",66.25 $,25.00 $,79.50 $,93.00 $,999.06 $,740.04 $,"1,850.10 $","1,202.57 $","3,982.87 $","3,982.87 $",962.05 $,9.00
Argentina,6.52 $,25.88 $,5.12 $,1.70 $,1.07 $,0.83 $,0.78 $,1.03 $,0.90 $,1.40 $,6.38 $,3.82 $,1.41 $,1.21 $,0.93 $,1.38 $,0.66 $,0.76 $,0.98 $,0.85 $,2.00 $,0.25 $,18.10 $,1.00 $,0.72 $,5.00 $,0.90 $,"25,200.00 $","23,899.13 $",48.49 $,0.18 $,21.63 $,22.76 $,10.59 $,4.88 $,149.88 $,"4,081.08 $",57.87 $,44.55 $,104.74 $,90.07 $,224.16 $,164.65 $,434.29 $,327.39 $,"2,155.18 $","1,718.90 $",424.58 $,45.30
Armenia,6.13 $,35.55 $,6.13 $,2.48 $,0.87 $,0.47 $,1.20 $,0.61 $,2.03 $,2.23 $,6.73 $,5.98 $,1.09 $,1.66 $,1.68 $,2.09 $,0.77 $,0.74 $,0.56 $,0.66 $,1.96 $,0.25 $,12.26 $,1.47 $,0.25 $,2.94 $,1.27 $,"26,353.07 $","28,099.73 $",92.77 $,0.06 $,18.91 $,57.33 $,15.83 $,6.13 $,255.36 $,"4,850.47 $",64.11 $,49.16 $,94.99 $,85.54 $,622.78 $,413.88 $,"1,192.28 $",706.60 $,"2,130.24 $","1,006.08 $",470.10 $,12.05
Aruba,14.50 $,85.00 $,9.00 $,3.80 $,2.08 $,1.54 $,1.73 $,2.38 $,4.76 $,3.19 $,13.15 $,7.39 $,5.46 $,3.66 $,4.29 $,5.51 $,2.90 $,2.85 $,2.75 $,2.76 $,8.50 $,2.89 $,45.83 $,10.00 $,2.78 $,50.00 $,1.24 $,"26,111.17 $","27,222.24 $",147.11 $,0.47 $,67.36 $,68.12 $,43.89 $,10.00 $,225.36 $,"12,500.00 $",72.87 $,40.56 $,94.46 $,105.46 $,681.25 $,510.42 $,"1,246.53 $","1,055.56 $","4,684.92 $","47,896.30 $","1,494.44 $",7.08
Australia,13.60 $,68.02 $,8.84 $,3.20 $,2.39 $,2.00 $,1.22 $,2.04 $,1.87 $,3.40 $,7.55 $,7.61 $,2.99 $,2.45 $,2.65 $,4.41 $,2.21 $,1.83 $,2.13 $,1.45 $,27.21 $,3.06 $,103.51 $,2.86 $,1.47 $,34.01 $,1.36 $,"20,406.76 $","18,670.33 $",136.33 $,0.27 $,52.17 $,46.09 $,13.37 $,12.92 $,"1,309.61 $","11,664.83 $",68.46 $,40.19 $,96.06 $,101.46 $,"1,274.45 $",963.63 $,"2,156.72 $","1,559.63 $","5,301.12 $","3,728.29 $","4,027.71 $",3.11
Austria,14.27 $,61.17 $,8.16 $,3.29 $,2.72 $,2.23 $,1.20 $,1.98 $,2.02 $,3.27 $,14.01 $,10.97 $,2.32 $,1.81 $,2.52 $,2.89 $,1.65 $,1.44 $,1.44 $,0.63 $,5.89 $,2.45 $,50.98 $,5.10 $,1.84 $,28.34 $,1.81 $,"23,919.13 $","20,354.35 $",237.60 $,0.07 $,34.91 $,35.06 $,20.40 $,11.22 $,329.86 $,"7,520.77 $",89.28 $,34.62 $,88.78 $,113.08 $,750.55 $,610.71 $,"1,357.71 $","1,102.24 $","5,271.23 $","3,877.14 $","2,101.75 $",1.96
Azerbaijan,4.71 $,23.53 $,5.88 $,2.55 $,0.46 $,0.27 $,1.06 $,0.35 $,1.60 $,1.36 $,3.72 $,3.70 $,0.90 $,1.51 $,1.40 $,1.26 $,0.58 $,0.42 $,0.49 $,0.47 $,2.94 $,0.18 $,11.76 $,1.02 $,0.59 $,2.94 $,0.60 $,"18,661.76 $","21,447.93 $",51.44 $,0.04 $,16.14 $,30.04 $,17.03 $,4.71 $,195.96 $,"4,974.61 $",33.60 $,36.67 $,80.25 $,58.46 $,237.37 $,137.97 $,451.22 $,244.73 $,"1,281.57 $",583.04 $,329.70 $,9.69
Bahamas,25.00 $,100.00 $,8.00 $,5.09 $,2.41 $,2.06 $,3.23 $,3.82 $,3.96 $,3.56 $,7.45 $,8.27 $,3.38 $,2.32 $,3.38 $,3.64 $,3.60 $,3.06 $,2.68 $,1.84 $,10.00 $,1.50 $,60.43 $,4.25 $,2.33 $,95.00 $,1.31 $,"30,000.00 $","37,999.38 $",237.58 $,0.32 $,76.18 $,87.15 $,70.00 $,15.00 $,302.04 $,"6,224.00 $",65.50 $,43.75 $,98.23 $,120.56 $,894.12 $,707.81 $,"2,353.85 $","2,468.75 $","1,335.42 $","1,033.38 $","1,790.82 $",7.53
Bahrain,5.31 $,53.05 $,6.10 $,4.62 $,0.79 $,0.45 $,1.45 $,1.34 $,2.20 $,2.51 $,6.95 $,6.97 $,2.17 $,1.70 $,1.79 $,1.21 $,0.99 $,0.87 $,1.86 $,0.65 $,5.57 $,0.80 $,39.79 $,5.31 $,2.65 $,7.96 $,0.51 $,"22,547.91 $","20,507.38 $",157.80 $,0.09 $,54.30 $,77.92 $,48.63 $,9.28 $,267.85 $,"7,427.55 $",44.43 $,57.54 $,95.17 $,82.07 $,941.71 $,706.03 $,"1,759.96 $","1,282.14 $","2,089.00 $","1,624.78 $","1,566.82 $",6.32
Bangladesh,1.71 $,10.70 $,5.35 $,1.80 $,0.29 $,0.17 $,0.82 $,0.63 $,0.66 $,1.20 $,6.93 $,2.70 $,1.92 $,0.97 $,1.91 $,0.61 $,0.28 $,0.54 $,0.38 $,0.29 $,3.21 $,0.43 $,10.70 $,0.96 $,0.43 $,2.57 $,0.97 $,"37,450.44 $","29,484.03 $",39.28 $,0.01 $,26.73 $,14.57 $,13.95 $,5.35 $,48.79 $,"1,330.28 $",21.53 $,21.22 $,50.42 $,42.67 $,104.29 $,63.93 $,267.44 $,156.81 $,825.88 $,461.78 $,268.27 $,9.07
Barbados,17.50 $,80.00 $,9.00 $,4.22 $,1.59 $,1.35 $,3.44 $,2.76 $,4.26 $,5.26 $,18.48 $,11.51 $,3.65 $,2.75 $,3.86 $,4.01 $,3.03 $,3.59 $,2.77 $,2.16 $,9.50 $,1.75 $,66.03 $,10.00 $,2.25 $,35.00 $,1.96 $,"45,000.00 $","42,249.75 $",127.67 $,0.67 $,58.12 $,76.88 $,15.83 $,10.00 $,247.50 $,"5,500.00 $",70.38 $,57.50 $,157.81 $,116.39 $,622.85 $,451.79 $,"1,468.80 $",995.83 $,"3,087.21 $","2,772.57 $","1,140.00 $",5.03
Belarus,5.92 $,29.61 $,3.85 $,1.26 $,0.62 $,0.39 $,0.57 $,0.44 $,1.01 $,1.06 $,5.15 $,3.01 $,1.21 $,1.47 $,1.40 $,2.14 $,0.59 $,0.56 $,1.08 $,0.49 $,1.33 $,0.25 $,13.32 $,1.08 $,0.15 $,2.96 $,0.65 $,"15,494.33 $","20,444.73 $",43.44 $,0.04 $,10.44 $,24.06 $,13.10 $,2.96 $,408.06 $,"5,373.15 $",43.50 $,34.31 $,74.80 $,73.96 $,289.99 $,206.29 $,529.90 $,368.01 $,"1,517.85 $","1,002.44 $",361.53 $,18.86
Belgium,15.29 $,71.37 $,9.18 $,3.01 $,2.50 $,2.25 $,0.94 $,1.74 $,1.92 $,2.66 $,12.37 $,9.25 $,2.31 $,1.63 $,2.34 $,2.35 $,1.40 $,1.21 $,1.11 $,0.81 $,7.65 $,2.55 $,49.96 $,5.08 $,2.04 $,30.59 $,1.89 $,"25,489.27 $","25,430.27 $",168.86 $,0.22 $,49.14 $,27.84 $,18.90 $,11.22 $,531.35 $,"17,791.51 $",87.91 $,38.41 $,85.13 $,112.73 $,821.99 $,654.24 $,"1,168.20 $",959.92 $,"3,431.46 $","2,759.00 $","2,344.23 $",1.74
Belize,5.00 $,33.38 $,6.00 $,3.38 $,1.13 $,0.74 $,2.18 $,1.32 $,2.07 $,2.04 $,8.15 $,5.72 $,5.06 $,1.20 $,1.16 $,2.32 $,2.52 $,2.07 $,2.22 $,1.20 $,4.00 $,2.00 $,24.91 $,3.49 $,3.50 $,12.48 $,1.68 $,"28,644.64 $","33,558.52 $",80.20 $,0.29 $,68.21 $,39.43 $,8.28 $,7.95 $,173.96 $,?,37.58 $,28.19 $,89.30 $,102.51 $,363.10 $,236.79 $,829.50 $,556.04 $,"1,163.20 $","1,147.61 $",825.41 $,9.83
Benin,3.11 $,26.42 $,5.44 $,3.63 $,0.69 $,0.50 $,1.59 $,1.14 $,1.01 $,1.74 $,2.80 $,3.94 $,2.43 $,0.99 $,1.17 $,1.24 $,1.24 $,1.35 $,0.31 $,0.97 $,0.85 $,1.55 $,?,3.11 $,3.89 $,1.55 $,0.83 $,?,?,23.80 $,0.09 $,44.56 $,62.17 $,9.33 $,3.11 $,259.05 $,"4,818.41 $",7.77 $,7.77 $,7.77 $,23.31 $,225.38 $,142.48 $,518.11 $,248.69 $,"7,771.62 $",?,215.01 $,5.00
Bermuda,39.00 $,150.00 $,15.00 $,5.53 $,3.12 $,2.38 $,3.98 $,6.76 $,7.15 $,5.62 $,13.92 $,20.16 $,10.18 $,6.32 $,7.37 $,8.67 $,7.22 $,6.15 $,5.36 $,3.37 $,17.62 $,4.00 $,69.00 $,5.92 $,2.48 $,50.00 $,2.29 $,"35,000.00 $","37,500.00 $",289.77 $,0.40 $,142.40 $,159.00 $,58.33 $,12.50 $,"1,213.50 $","24,428.57 $",88.69 $,57.50 $,136.88 $,133.67 $,"3,390.00 $","2,207.42 $","6,227.27 $","4,730.20 $","10,381.96 $","5,690.98 $","6,270.96 $",6.71
Bhutan,2.53 $,18.97 $,2.84 $,1.14 $,0.46 $,0.19 $,0.90 $,0.92 $,0.76 $,1.79 $,5.89 $,3.63 $,4.26 $,2.02 $,2.84 $,0.98 $,0.63 $,0.92 $,0.60 $,0.41 $,9.48 $,1.90 $,15.79 $,0.89 $,0.18 $,5.10 $,1.03 $,"15,804.77 $","25,287.63 $",34.98 $,0.03 $,18.97 $,73.71 $,27.94 $,3.78 $,45.26 $,853.46 $,37.93 $,19.60 $,52.68 $,54.79 $,173.19 $,107.38 $,252.64 $,246.29 $,"2,076.71 $",126.44 $,377.04 $,10.08
Bolivia,2.91 $,20.06 $,6.54 $,2.64 $,0.83 $,0.68 $,0.96 $,1.21 $,1.08 $,1.44 $,4.75 $,3.43 $,2.18 $,1.19 $,1.33 $,1.07 $,1.04 $,0.91 $,0.65 $,1.01 $,2.69 $,0.29 $,28.69 $,1.45 $,1.45 $,7.26 $,0.55 $,"15,253.08 $","20,542.33 $",36.51 $,0.20 $,56.61 $,40.48 $,13.57 $,7.13 $,195.47 $,"3,204.32 $",44.31 $,47.22 $,69.96 $,68.09 $,292.72 $,229.97 $,506.06 $,400.28 $,"1,104.52 $",816.78 $,484.22 $,8.07
Bonaire,15.00 $,90.00 $,11.50 $,3.50 $,2.50 $,1.75 $,1.85 $,1.56 $,3.31 $,2.80 $,12.00 $,8.82 $,?,?,?,5.00 $,?,?,1.50 $,?,6.50 $,2.00 $,50.00 $,8.00 $,4.00 $,?,1.20 $,"18,000.00 $","25,000.00 $",152.08 $,0.25 $,86.67 $,60.00 $,30.00 $,13.00 $,?,"15,000.00 $",80.00 $,30.00 $,100.00 $,100.00 $,787.50 $,650.00 $,"1,800.00 $","1,466.67 $","2,000.00 $","1,800.00 $","1,366.67 $",5.25
Bosnia And Herzegovina,4.21 $,21.07 $,4.21 $,1.12 $,1.29 $,0.72 $,0.76 $,0.62 $,1.24 $,1.73 $,5.76 $,5.80 $,0.95 $,1.24 $,1.30 $,1.26 $,0.64 $,0.77 $,0.78 $,0.58 $,3.16 $,0.95 $,26.33 $,1.05 $,0.53 $,7.90 $,1.31 $,"19,305.56 $","19,269.84 $",133.35 $,0.10 $,22.46 $,21.90 $,10.99 $,4.21 $,134.16 $,"2,413.36 $",56.90 $,29.77 $,70.84 $,79.37 $,198.73 $,142.65 $,329.02 $,227.24 $,"1,379.79 $",993.78 $,573.18 $,3.55
Botswana,10.01 $,34.02 $,6.20 $,2.41 $,0.88 $,0.57 $,1.18 $,0.71 $,1.54 $,2.16 $,5.62 $,4.83 $,1.81 $,1.35 $,2.12 $,1.34 $,1.39 $,1.22 $,1.23 $,0.97 $,4.00 $,0.48 $,21.13 $,0.56 $,2.40 $,3.00 $,0.88 $,"18,411.15 $","17,501.51 $",43.41 $,0.12 $,57.00 $,31.59 $,7.56 $,6.80 $,142.27 $,"4,109.16 $",39.75 $,23.58 $,56.17 $,69.49 $,235.84 $,197.21 $,575.73 $,395.93 $,"1,293.33 $","29,017.58 $",876.09 $,11.56
Brazil,4.64 $,25.99 $,5.57 $,1.41 $,0.95 $,0.59 $,0.85 $,1.29 $,1.08 $,1.76 $,7.62 $,3.62 $,1.41 $,0.98 $,0.86 $,1.57 $,0.95 $,0.88 $,0.63 $,0.60 $,2.23 $,0.86 $,40.60 $,1.10 $,0.74 $,6.50 $,1.26 $,"18,563.55 $","24,527.47 $",69.83 $,0.25 $,19.42 $,20.61 $,21.84 $,6.17 $,265.19 $,"5,607.30 $",41.61 $,38.62 $,67.75 $,52.52 $,278.09 $,185.90 $,551.46 $,387.44 $,"1,694.12 $","1,100.95 $",377.51 $,9.46
British Virgin Islands,22.50 $,60.00 $,12.00 $,5.62 $,2.33 $,1.62 $,1.72 $,4.11 $,5.20 $,1.00 $,15.06 $,7.18 $,1.87 $,1.97 $,1.87 $,4.60 $,4.20 $,2.22 $,0.75 $,?,3.45 $,5.00 $,150.00 $,27.50 $,?,80.00 $,1.14 $,"23,000.00 $","19,500.00 $",212.50 $,0.23 $,125.00 $,156.67 $,0.00 $,10.00 $,575.00 $,"14,666.67 $",85.00 $,0.00 $,133.33 $,130.00 $,"1,500.00 $","1,325.00 $","3,625.00 $","3,500.00 $","3,229.17 $","2,690.98 $","2,125.00 $",5.50
Brunei,3.56 $,21.36 $,4.98 $,3.17 $,0.71 $,0.50 $,1.38 $,1.23 $,1.10 $,2.10 $,5.82 $,4.96 $,3.26 $,1.88 $,3.56 $,2.73 $,1.76 $,2.05 $,1.76 $,0.83 $,4.98 $,0.71 $,21.36 $,3.56 $,2.85 $,21.36 $,0.38 $,"21,357.30 $","20,003.67 $",53.63 $,0.13 $,76.90 $,42.14 $,8.62 $,4.98 $,232.56 $,"10,734.97 $",62.29 $,34.44 $,83.91 $,68.94 $,617.21 $,502.88 $,"1,108.82 $",827.90 $,"1,697.38 $",878.02 $,"1,718.28 $",4.28
Bulgaria,7.82 $,31.27 $,5.86 $,1.47 $,1.04 $,0.72 $,1.21 $,0.84 $,1.72 $,2.04 $,7.19 $,5.88 $,1.37 $,1.45 $,1.27 $,2.13 $,0.77 $,0.74 $,0.77 $,0.55 $,3.13 $,0.83 $,26.06 $,0.99 $,0.52 $,6.88 $,1.51 $,"20,848.54 $","20,083.61 $",119.85 $,0.16 $,11.15 $,24.76 $,10.66 $,6.25 $,331.00 $,"5,057.72 $",53.70 $,27.15 $,69.46 $,76.92 $,339.27 $,255.42 $,577.79 $,435.30 $,"1,643.60 $","1,106.36 $",716.63 $,3.28
Burkina Faso,0.78 $,23.31 $,2.02 $,1.55 $,0.52 $,0.47 $,1.81 $,1.05 $,0.80 $,1.93 $,18.77 $,6.22 $,2.04 $,1.16 $,0.89 $,0.73 $,1.93 $,1.50 $,0.32 $,0.78 $,1.48 $,0.47 $,13.99 $,0.47 $,0.47 $,7.77 $,0.97 $,"23,314.87 $","18,651.90 $",119.16 $,0.27 $,85.49 $,41.45 $,6.61 $,2.33 $,158.02 $,"7,305.33 $",77.72 $,48.57 $,62.17 $,46.63 $,260.35 $,97.15 $,466.30 $,202.06 $,257.39 $,261.95 $,187.00 $,7.00
Burundi,1.79 $,21.07 $,2.91 $,2.10 $,0.44 $,0.68 $,0.80 $,0.68 $,1.28 $,2.67 $,8.07 $,7.18 $,5.49 $,0.68 $,1.29 $,1.13 $,0.60 $,1.15 $,0.81 $,0.81 $,2.42 $,0.24 $,14.53 $,0.97 $,0.97 $,2.04 $,1.16 $,"10,195.71 $","15,293.56 $",18.10 $,0.11 $,22.56 $,14.78 $,3.06 $,?,50.98 $,917.61 $,17.20 $,3.06 $,34.41 $,87.17 $,222.43 $,96.69 $,699.98 $,244.52 $,"24,214.03 $","4,745.48 $",310.11 $,13.00
Cambodia,2.90 $,20.00 $,6.00 $,2.22 $,0.85 $,0.47 $,2.13 $,1.63 $,1.08 $,1.70 $,14.25 $,5.26 $,3.61 $,1.28 $,3.35 $,1.43 $,1.37 $,1.23 $,1.38 $,0.74 $,1.50 $,1.38 $,50.00 $,1.00 $,1.00 $,4.50 $,1.17 $,"48,000.00 $","39,142.86 $",101.27 $,0.04 $,34.36 $,53.09 $,12.33 $,5.00 $,209.75 $,"7,062.50 $",22.33 $,17.70 $,66.75 $,40.38 $,433.27 $,246.51 $,"1,052.11 $",604.74 $,"2,251.60 $","1,095.62 $",268.23 $,10.25
Cameroon,3.11 $,31.09 $,3.11 $,1.21 $,0.85 $,0.43 $,1.84 $,0.47 $,0.95 $,1.60 $,14.77 $,4.69 $,2.75 $,1.11 $,1.07 $,0.91 $,1.35 $,1.12 $,0.53 $,0.59 $,2.33 $,0.39 $,7.77 $,0.39 $,0.39 $,3.89 $,0.99 $,"21,760.55 $","4,792.50 $",68.39 $,0.11 $,42.45 $,27.98 $,6.80 $,7.77 $,145.07 $,"1,133.36 $",22.22 $,25.71 $,37.42 $,60.88 $,128.23 $,84.26 $,469.32 $,240.51 $,"1,204.60 $",253.21 $,209.83 $,8.12
Canada,15.33 $,61.34 $,9.20 $,3.48 $,1.81 $,1.49 $,1.99 $,2.34 $,3.07 $,2.95 $,10.98 $,10.78 $,3.51 $,1.38 $,3.36 $,3.55 $,2.29 $,2.21 $,2.16 $,1.69 $,12.27 $,2.49 $,76.67 $,3.07 $,1.53 $,26.07 $,1.56 $,"21,467.62 $","19,275.04 $",133.43 $,0.26 $,62.65 $,40.58 $,16.86 $,10.93 $,840.86 $,"13,272.38 $",50.72 $,35.18 $,80.04 $,99.89 $,"1,195.54 $",998.19 $,"1,960.09 $","1,690.07 $","6,945.79 $","4,995.87 $","3,358.26 $",5.14
Cape Verde,4.18 $,31.61 $,5.58 $,1.12 $,1.14 $,0.73 $,0.94 $,1.33 $,1.30 $,2.23 $,1.86 $,5.53 $,2.39 $,1.99 $,2.15 $,3.04 $,1.24 $,1.27 $,1.46 $,1.14 $,4.18 $,0.93 $,19.52 $,0.93 $,1.86 $,9.30 $,1.50 $,?,?,82.91 $,?,58.45 $,37.18 $,4.65 $,5.58 $,128.65 $,"2,231.09 $",?,?,?,?,264.26 $,162.15 $,394.34 $,293.88 $,933.33 $,683.33 $,308.46 $,16.00
Cayman Islands,18.00 $,117.02 $,11.75 $,5.76 $,2.19 $,1.84 $,4.65 $,4.84 $,4.36 $,5.49 $,10.40 $,9.09 $,6.57 $,2.58 $,5.30 $,5.29 $,4.92 $,4.42 $,3.90 $,2.29 $,12.00 $,2.40 $,18.00 $,18.00 $,1.49 $,60.01 $,1.57 $,"36,007.36 $","33,966.94 $",329.42 $,0.38 $,127.38 $,63.79 $,32.01 $,14.70 $,"1,178.81 $","20,142.07 $",66.01 $,67.51 $,157.23 $,136.83 $,"2,304.18 $","1,671.11 $","4,934.34 $","3,107.30 $","15,048.57 $","6,427.36 $","4,671.92 $",6.05
Central African Republic,7.77 $,31.09 $,8.94 $,2.33 $,2.07 $,1.17 $,3.89 $,1.24 $,2.33 $,2.64 $,3.89 $,9.33 $,1.55 $,1.55 $,?,?,?,?,?,2.33 $,3.89 $,0.27 $,55.01 $,?,2.23 $,10.72 $,1.40 $,?,"13,456.28 $",?,?,?,?,?,?,?,?,60.03 $,90.30 $,42.19 $,79.28 $,"3,500.00 $","2,400.00 $","6,000.00 $",?,?,?,?,?
Chad,3.11 $,37.30 $,10.72 $,3.09 $,0.85 $,0.62 $,1.67 $,?,2.85 $,1.77 $,?,?,4.10 $,1.72 $,3.69 $,1.77 $,1.67 $,0.97 $,0.75 $,1.11 $,1.43 $,?,?,?,?,?,0.81 $,?,"17,097.57 $",233.15 $,0.19 $,72.54 $,124.35 $,101.03 $,4.66 $,28.76 $,"1,554.32 $",31.09 $,85.49 $,42.74 $,124.35 $,"1,083.32 $",126.94 $,?,227.97 $,155.43 $,62.17 $,272.01 $,?
Chile,6.29 $,36.71 $,5.24 $,2.19 $,1.06 $,0.84 $,0.92 $,0.98 $,1.13 $,2.26 $,8.07 $,4.65 $,1.44 $,1.13 $,1.39 $,1.37 $,0.95 $,1.05 $,0.90 $,1.00 $,4.51 $,0.73 $,36.71 $,0.50 $,1.52 $,8.81 $,1.11 $,"13,815.02 $","14,442.00 $",110.77 $,0.08 $,23.86 $,30.25 $,15.24 $,5.24 $,304.94 $,"4,742.95 $",41.23 $,23.03 $,48.05 $,61.59 $,370.48 $,318.24 $,650.89 $,565.66 $,"1,827.28 $","1,549.99 $",558.50 $,5.41
China,4.47 $,29.83 $,5.22 $,3.87 $,0.49 $,0.32 $,2.09 $,1.76 $,1.01 $,1.98 $,13.35 $,4.14 $,1.88 $,1.51 $,1.74 $,1.30 $,0.82 $,0.95 $,0.67 $,0.63 $,3.73 $,0.45 $,22.37 $,1.94 $,0.36 $,6.56 $,1.23 $,"21,737.51 $","20,307.73 $",54.58 $,0.03 $,14.02 $,43.09 $,15.45 $,6.71 $,592.29 $,"22,515.37 $",59.73 $,34.94 $,84.41 $,87.07 $,745.57 $,436.31 $,"1,628.50 $",892.69 $,"10,899.45 $","6,200.90 $","1,114.98 $",5.21
Colombia,3.30 $,18.83 $,4.94 $,1.16 $,0.62 $,0.50 $,0.82 $,0.87 $,0.81 $,1.58 $,3.30 $,3.55 $,1.97 $,0.71 $,0.96 $,0.95 $,0.77 $,0.77 $,0.60 $,0.61 $,1.88 $,0.59 $,28.25 $,1.18 $,1.41 $,5.65 $,0.57 $,"16,480.00 $","18,359.47 $",66.75 $,0.05 $,23.69 $,18.41 $,9.57 $,3.53 $,147.51 $,"4,016.02 $",41.32 $,28.00 $,60.81 $,50.13 $,250.56 $,228.53 $,459.69 $,404.67 $,"1,112.64 $",974.08 $,308.59 $,11.21
Comoros,?,?,?,?,?,?,?,0.20 $,0.41 $,2.35 $,?,2.24 $,6.12 $,0.45 $,0.51 $,1.02 $,1.02 $,2.04 $,1.53 $,0.61 $,1.53 $,?,?,?,?,?,?,?,?,?,?,?,31.32 $,?,?,?,?,?,?,?,?,?,?,?,?,?,?,?,?
Congo,15.00 $,42.50 $,10.00 $,4.35 $,1.83 $,0.89 $,1.97 $,1.75 $,3.78 $,3.85 $,14.25 $,6.94 $,6.58 $,3.78 $,5.28 $,4.53 $,4.00 $,3.46 $,1.39 $,1.31 $,3.39 $,0.50 $,32.19 $,1.73 $,1.83 $,5.00 $,1.30 $,"55,321.18 $","41,608.75 $",447.00 $,0.27 $,133.99 $,102.15 $,20.73 $,10.00 $,853.19 $,"12,700.00 $",38.70 $,61.40 $,186.73 $,114.78 $,"1,514.51 $",983.33 $,"2,720.30 $","1,147.46 $","8,429.05 $","1,156.25 $",525.00 $,20.75
Cook Islands,9.26 $,37.02 $,8.33 $,4.01 $,3.29 $,2.06 $,1.54 $,3.01 $,1.23 $,4.32 $,9.56 $,5.35 $,3.28 $,2.16 $,3.07 $,3.19 $,1.85 $,1.71 $,3.09 $,1.95 $,18.51 $,2.47 $,?,?,?,?,1.23 $,"21,596.13 $","27,149.42 $",83.92 $,0.25 $,?,25.71 $,24.68 $,6.02 $,?,?,73.12 $,37.02 $,77.13 $,82.68 $,327.03 $,296.18 $,580.01 $,580.01 $,?,?,"1,542.58 $",9.00
Costa Rica,6.77 $,38.92 $,6.55 $,2.38 $,1.45 $,1.26 $,1.25 $,1.63 $,1.50 $,2.23 $,5.94 $,6.27 $,3.37 $,1.17 $,2.06 $,1.82 $,1.68 $,1.93 $,0.78 $,1.78 $,3.64 $,0.73 $,34.32 $,0.98 $,1.00 $,5.20 $,1.12 $,"23,288.40 $","24,497.50 $",61.06 $,0.06 $,44.62 $,41.65 $,21.68 $,5.82 $,309.61 $,"6,859.17 $",56.70 $,41.62 $,91.88 $,79.53 $,471.69 $,325.81 $,836.02 $,593.64 $,"1,605.09 $","1,223.64 $",707.63 $,9.40
Croatia,8.13 $,37.94 $,6.10 $,1.57 $,2.00 $,1.40 $,0.94 $,0.98 $,1.83 $,2.27 $,8.15 $,7.66 $,1.26 $,1.38 $,1.40 $,1.79 $,0.74 $,0.77 $,0.88 $,0.97 $,4.47 $,1.08 $,47.43 $,2.71 $,0.81 $,6.78 $,1.55 $,"22,901.28 $","22,281.99 $",162.51 $,0.12 $,24.80 $,39.05 $,10.75 $,5.42 $,126.25 $,"4,530.08 $",74.57 $,32.39 $,72.39 $,84.69 $,420.92 $,317.07 $,691.99 $,520.55 $,"2,862.10 $","2,117.69 $",945.83 $,3.55
Cuba,7.00 $,30.00 $,6.14 $,1.47 $,2.30 $,1.28 $,3.21 $,0.99 $,1.44 $,1.47 $,5.60 $,6.65 $,6.99 $,1.09 $,1.41 $,2.44 $,1.89 $,2.65 $,0.88 $,0.91 $,3.00 $,0.10 $,20.00 $,1.00 $,0.50 $,15.00 $,1.15 $,"82,500.00 $","71,200.00 $",29.42 $,0.34 $,152.86 $,15.56 $,13.75 $,1.25 $,70.00 $,"15,166.67 $",47.75 $,44.43 $,78.75 $,66.44 $,444.44 $,204.44 $,"1,437.50 $",654.29 $,328.27 $,234.58 $,33.64 $,5.73
Curacao,15.66 $,60.33 $,9.43 $,3.72 $,2.06 $,1.83 $,1.64 $,1.99 $,2.30 $,2.82 $,8.64 $,8.26 $,3.88 $,2.14 $,3.62 $,3.81 $,3.39 $,2.77 $,2.21 $,1.91 $,8.32 $,1.11 $,51.61 $,13.87 $,3.33 $,41.62 $,1.40 $,"26,361.44 $","27,748.89 $",195.83 $,0.65 $,64.31 $,56.42 $,37.92 $,8.32 $,312.17 $,"11,793.28 $",61.97 $,40.10 $,94.81 $,95.27 $,600.44 $,414.38 $,"1,109.96 $",865.77 $,"2,497.40 $","1,498.44 $",915.71 $,5.78
Cyprus,13.25 $,50.98 $,7.14 $,3.22 $,1.58 $,0.77 $,1.47 $,1.55 $,2.03 $,2.83 $,9.78 $,7.18 $,2.29 $,1.54 $,1.54 $,2.38 $,0.98 $,0.89 $,0.58 $,0.89 $,5.10 $,1.53 $,40.78 $,5.10 $,1.02 $,20.39 $,1.48 $,"19,575.76 $","21,547.91 $",162.25 $,0.09 $,35.05 $,55.92 $,24.95 $,9.18 $,340.42 $,"5,944.00 $",80.38 $,39.36 $,78.74 $,99.96 $,741.94 $,587.80 $,"1,449.46 $","1,149.29 $","2,098.91 $","1,487.21 $","1,323.08 $",2.59
Czech Republic,7.00 $,32.92 $,6.58 $,2.34 $,1.39 $,1.13 $,0.82 $,1.11 $,1.68 $,1.78 $,8.53 $,6.39 $,1.47 $,1.30 $,1.57 $,2.81 $,0.77 $,0.78 $,1.06 $,0.53 $,5.14 $,1.23 $,20.58 $,1.65 $,1.15 $,12.35 $,1.90 $,"21,400.97 $","21,992.53 $",214.14 $,0.14 $,19.98 $,36.80 $,11.38 $,8.19 $,387.12 $,"7,409.14 $",78.87 $,35.12 $,77.09 $,89.97 $,667.24 $,515.82 $,"1,085.75 $",798.24 $,"4,794.55 $","3,601.40 $","1,379.33 $",4.02
Denmark,17.81 $,82.22 $,10.96 $,5.22 $,3.25 $,2.65 $,1.46 $,2.59 $,2.14 $,3.67 $,10.74 $,9.48 $,2.73 $,2.76 $,2.77 $,3.53 $,1.77 $,1.49 $,1.71 $,1.29 $,7.67 $,3.29 $,65.78 $,6.85 $,1.99 $,61.67 $,2.02 $,"36,999.49 $","37,144.36 $",180.28 $,0.12 $,32.75 $,33.89 $,22.64 $,15.07 $,417.19 $,"5,425.91 $",93.94 $,40.80 $,96.73 $,134.35 $,"1,018.68 $",756.23 $,"1,791.54 $","1,335.71 $","4,821.10 $","3,442.15 $","3,287.32 $",1.61
Djibouti,9.24 $,67.20 $,8.96 $,1.89 $,0.67 $,0.95 $,3.08 $,2.24 $,1.87 $,3.47 $,19.97 $,10.17 $,3.92 $,1.68 $,2.24 $,1.68 $,1.26 $,1.44 $,?,0.75 $,1.40 $,0.42 $,307.98 $,2.80 $,2.80 $,16.80 $,1.44 $,"11,759.24 $","11,199.28 $",321.99 $,0.17 $,37.20 $,63.84 $,19.60 $,14.00 $,139.99 $,"6,196.94 $",20.91 $,24.27 $,59.73 $,61.60 $,749.56 $,501.08 $,"1,321.93 $",565.97 $,"1,595.90 $","1,035.93 $",517.97 $,5.00
Dominica,5.55 $,60.00 $,5.55 $,2.48 $,1.57 $,1.49 $,5.00 $,2.13 $,1.34 $,4.44 $,11.10 $,4.63 $,8.30 $,2.96 $,4.44 $,6.66 $,3.98 $,2.22 $,1.79 $,1.91 $,6.85 $,1.30 $,14.80 $,7.40 $,2.30 $,92.51 $,1.14 $,"24,051.36 $","25,901.46 $",46.25 $,0.32 $,64.75 $,62.90 $,37.00 $,9.25 $,141.84 $,?,67.07 $,37.93 $,148.01 $,127.19 $,407.02 $,235.89 $,"1,038.09 $",705.59 $,122.62 $,45.66 $,458.27 $,25.00
Dominican Republic,6.37 $,36.43 $,7.10 $,1.92 $,0.91 $,0.66 $,1.14 $,1.60 $,1.25 $,1.70 $,7.53 $,5.07 $,2.37 $,0.77 $,2.26 $,1.22 $,1.36 $,2.19 $,0.82 $,0.74 $,4.55 $,0.64 $,36.43 $,3.46 $,2.73 $,4.55 $,1.20 $,"23,996.05 $","30,703.84 $",65.77 $,0.16 $,50.32 $,27.63 $,13.42 $,5.46 $,178.96 $,"4,940.82 $",39.75 $,43.10 $,80.63 $,81.92 $,425.59 $,228.41 $,687.63 $,376.93 $,"1,316.79 $",885.05 $,364.19 $,12.07
Ecuador,3.00 $,30.00 $,6.00 $,2.28 $,0.78 $,0.60 $,1.01 $,1.58 $,1.31 $,1.70 $,5.01 $,5.42 $,1.90 $,0.94 $,1.18 $,1.11 $,0.98 $,1.04 $,0.70 $,0.99 $,5.50 $,0.30 $,20.00 $,1.50 $,1.50 $,10.00 $,0.67 $,"25,000.00 $","28,172.41 $",47.34 $,0.12 $,41.00 $,34.88 $,16.65 $,6.25 $,237.50 $,"7,065.00 $",54.42 $,44.17 $,95.95 $,75.26 $,353.50 $,241.76 $,608.61 $,424.05 $,"1,324.00 $",996.88 $,491.81 $,9.73
Egypt,4.24 $,21.19 $,4.24 $,1.89 $,0.32 $,0.19 $,0.90 $,0.61 $,0.69 $,1.36 $,3.49 $,4.84 $,1.41 $,0.71 $,0.49 $,0.57 $,0.41 $,0.35 $,0.30 $,0.27 $,2.38 $,0.26 $,10.65 $,0.53 $,0.23 $,1.59 $,0.43 $,"23,836.64 $","21,465.20 $",32.77 $,0.01 $,15.46 $,25.33 $,8.39 $,5.30 $,102.40 $,"3,032.02 $",36.37 $,39.43 $,99.85 $,48.60 $,174.51 $,100.59 $,397.19 $,244.77 $,627.21 $,362.06 $,225.21 $,12.13
El Salvador,7.00 $,30.00 $,6.25 $,2.62 $,0.67 $,0.70 $,1.78 $,1.58 $,1.30 $,2.11 $,6.60 $,4.80 $,2.96 $,1.77 $,2.27 $,2.26 $,2.12 $,2.00 $,0.99 $,0.96 $,4.00 $,0.25 $,25.00 $,5.00 $,3.00 $,10.00 $,1.01 $,"18,000.00 $","21,929.01 $",64.17 $,0.16 $,44.53 $,26.95 $,21.44 $,5.00 $,100.83 $,"4,370.00 $",45.81 $,40.23 $,80.00 $,81.40 $,450.00 $,339.58 $,826.67 $,583.38 $,"1,325.07 $",986.46 $,369.64 $,9.64
Equatorial Guinea,10.88 $,38.86 $,19.43 $,3.68 $,1.07 $,1.04 $,2.33 $,3.10 $,3.11 $,1.76 $,7.77 $,4.51 $,5.18 $,2.33 $,4.14 $,3.11 $,4.04 $,3.63 $,0.84 $,1.55 $,1.87 $,0.78 $,42.86 $,0.78 $,0.76 $,4.66 $,0.89 $,"21,333.11 $","31,173.54 $",45.08 $,0.26 $,233.15 $,94.56 $,27.11 $,7.03 $,66.06 $,"1,686.83 $",36.27 $,90.67 $,246.10 $,98.44 $,194.29 $,108.80 $,699.45 $,349.72 $,?,?,310.86 $,?
Eritrea,11.40 $,20.00 $,2.67 $,1.06 $,1.56 $,1.57 $,1.45 $,0.50 $,1.87 $,4.80 $,?,?,4.33 $,1.00 $,1.89 $,1.44 $,1.56 $,1.00 $,0.67 $,1.58 $,2.50 $,0.22 $,?,0.67 $,0.67 $,6.67 $,2.17 $,?,?,30.00 $,0.09 $,?,6.67 $,5.50 $,0.83 $,25.00 $,750.00 $,28.34 $,25.00 $,?,26.67 $,375.01 $,333.34 $,491.68 $,750.00 $,"1,050.93 $","1,030.56 $",773.34 $,?
Estonia,10.20 $,50.98 $,6.27 $,2.90 $,1.66 $,1.43 $,0.86 $,0.97 $,1.68 $,1.93 $,8.53 $,6.08 $,1.61 $,1.13 $,1.82 $,2.27 $,0.75 $,0.64 $,1.25 $,0.84 $,5.07 $,1.53 $,22.94 $,2.55 $,0.71 $,13.14 $,1.77 $,"20,391.41 $","20,847.71 $",240.97 $,0.05 $,24.80 $,45.32 $,23.80 $,8.16 $,190.02 $,"9,655.84 $",79.03 $,31.50 $,72.79 $,98.28 $,508.31 $,383.69 $,914.88 $,652.80 $,"2,971.46 $","2,081.62 $","1,257.28 $",2.29
Ethiopia,4.80 $,20.00 $,4.00 $,0.67 $,0.51 $,0.36 $,0.89 $,0.71 $,1.63 $,2.06 $,7.34 $,8.23 $,3.37 $,0.87 $,1.50 $,0.73 $,0.48 $,0.81 $,0.47 $,0.44 $,2.89 $,0.23 $,12.00 $,1.59 $,0.50 $,6.00 $,0.70 $,"40,000.00 $","45,485.56 $",141.90 $,0.02 $,199.65 $,48.36 $,22.73 $,3.70 $,102.15 $,"23,750.00 $",25.31 $,57.30 $,70.49 $,57.61 $,450.20 $,192.57 $,"1,718.92 $",553.76 $,"1,307.81 $",822.75 $,208.59 $,15.98
Falkland Islands,16.69 $,53.65 $,?,2.80 $,1.18 $,1.07 $,1.85 $,3.28 $,?,7.63 $,23.84 $,9.54 $,?,?,?,?,?,?,?,?,11.92 $,?,?,4.77 $,?,4.77 $,0.98 $,"2,384.42 $",?,190.75 $,0.06 $,556.76 $,11.92 $,21.46 $,5.96 $,536.49 $,?,?,?,53.65 $,?,596.10 $,596.10 $,"1,192.21 $","1,192.21 $",?,?,"2,810.46 $",?
Faroe Islands,20.56 $,102.78 $,13.70 $,3.99 $,2.76 $,2.00 $,1.64 $,3.78 $,2.70 $,3.52 $,13.70 $,11.83 $,3.08 $,3.01 $,3.08 $,3.88 $,1.37 $,3.43 $,2.97 $,2.47 $,8.91 $,0.00 $,0.00 $,10.28 $,?,50.35 $,1.33 $,"35,629.14 $","40,973.51 $",274.07 $,0.36 $,60.95 $,51.22 $,13.70 $,14.39 $,394.67 $,"1,019.57 $",75.37 $,47.96 $,116.48 $,191.85 $,802.76 $,670.16 $,"1,542.30 $","1,234.38 $","2,580.83 $","1,352.35 $","2,125.79 $",3.27
Fiji,4.51 $,36.09 $,6.77 $,2.57 $,1.11 $,0.80 $,1.19 $,0.42 $,1.02 $,2.72 $,11.66 $,5.36 $,2.37 $,2.12 $,2.98 $,2.63 $,0.97 $,0.92 $,0.96 $,0.70 $,8.12 $,0.51 $,24.71 $,0.68 $,0.45 $,3.00 $,1.06 $,"19,366.68 $","20,175.59 $",55.25 $,0.17 $,27.36 $,19.02 $,5.76 $,4.06 $,184.94 $,"7,640.17 $",21.05 $,23.13 $,62.74 $,66.23 $,508.02 $,308.35 $,"1,121.69 $",586.40 $,"2,335.68 $","1,245.92 $",674.43 $,6.85
Finland,12.23 $,71.88 $,8.16 $,3.75 $,2.43 $,1.51 $,0.98 $,2.14 $,2.15 $,2.31 $,7.20 $,10.31 $,2.30 $,1.72 $,2.23 $,3.41 $,1.05 $,1.50 $,1.75 $,1.49 $,9.18 $,3.06 $,59.14 $,6.12 $,1.58 $,47.92 $,2.27 $,"26,508.84 $","27,343.25 $",116.33 $,0.07 $,23.26 $,39.27 $,23.86 $,14.27 $,311.86 $,"7,105.82 $",86.91 $,37.89 $,82.43 $,122.45 $,845.32 $,687.05 $,"1,200.99 $",946.18 $,"4,654.20 $","2,861.27 $","2,508.50 $",1.39
France,15.29 $,61.17 $,9.18 $,2.92 $,2.69 $,1.78 $,1.03 $,1.55 $,1.93 $,3.14 $,16.30 $,10.43 $,2.66 $,1.96 $,2.52 $,3.01 $,1.79 $,2.03 $,1.17 $,0.72 $,10.20 $,1.66 $,66.27 $,2.55 $,1.84 $,25.69 $,2.03 $,"24,469.70 $","25,016.04 $",155.65 $,0.17 $,29.77 $,33.96 $,15.06 $,10.20 $,616.29 $,"9,591.22 $",82.14 $,36.16 $,84.67 $,112.60 $,777.06 $,613.76 $,"1,634.83 $","1,151.03 $","6,454.23 $","4,525.97 $","2,315.23 $",1.48
French Guiana,15.29 $,40.78 $,9.05 $,3.06 $,1.19 $,1.36 $,0.99 $,1.22 $,2.29 $,2.68 $,30.59 $,6.37 $,3.33 $,2.72 $,3.06 $,6.29 $,3.40 $,1.98 $,2.04 $,1.55 $,6.12 $,2.29 $,?,10.20 $,2.55 $,?,1.63 $,?,?,179.61 $,?,67.12 $,32.82 $,?,7.65 $,815.66 $,"1,019.57 $",50.98 $,35.68 $,112.15 $,101.96 $,726.44 $,628.74 $,"1,203.09 $","1,159.76 $","2,480.96 $","2,175.08 $","1,461.38 $",2.05
French Polynesia,15.38 $,51.26 $,11.96 $,3.43 $,1.95 $,1.15 $,2.45 $,2.22 $,1.85 $,4.42 $,10.05 $,12.39 $,3.57 $,2.41 $,6.81 $,4.74 $,4.72 $,2.16 $,2.90 $,1.39 $,13.37 $,0.94 $,25.63 $,12.82 $,1.11 $,21.36 $,1.18 $,"22,214.40 $","27,340.80 $",185.12 $,0.19 $,101.89 $,74.75 $,15.64 $,11.53 $,?,854.40 $,95.74 $,56.70 $,89.71 $,113.89 $,905.66 $,798.08 $,"2,563.20 $","2,107.52 $","11,605.31 $","4,272.00 $","1,307.23 $",?
French Southern Territories,12.74 $,42.82 $,6.12 $,?,2.04 $,0.34 $,0.91 $,1.02 $,1.84 $,1.22 $,4.08 $,5.10 $,2.04 $,1.53 $,?,?,2.03 $,?,?,0.82 $,9.43 $,1.22 $,?,7.14 $,?,?,1.61 $,?,?,202.21 $,?,27.19 $,30.59 $,?,11.01 $,?,"6,117.42 $",132.54 $,28.89 $,91.76 $,?,681.41 $,611.74 $,?,?,"4,147.61 $",?,"1,152.11 $",?
Gabon,9.44 $,77.72 $,11.27 $,2.33 $,0.82 $,0.82 $,1.80 $,1.66 $,1.61 $,2.68 $,8.55 $,9.64 $,2.49 $,2.44 $,4.82 $,1.87 $,1.66 $,2.85 $,1.11 $,0.93 $,1.55 $,0.31 $,46.63 $,0.78 $,1.55 $,7.77 $,0.98 $,"27,977.85 $","24,351.09 $",82.90 $,0.19 $,52.59 $,66.06 $,15.54 $,7.77 $,90.67 $,"4,662.97 $",36.92 $,82.90 $,66.84 $,73.05 $,854.88 $,455.94 $,"2,383.30 $","1,580.23 $","13,211.76 $","15,543.25 $",492.20 $,22.67
Gambia,1.62 $,27.75 $,4.62 $,1.94 $,0.80 $,0.37 $,1.20 $,0.34 $,0.97 $,1.85 $,6.04 $,3.35 $,2.37 $,1.82 $,1.87 $,1.01 $,0.99 $,0.97 $,0.44 $,0.41 $,1.43 $,0.18 $,16.65 $,1.39 $,0.92 $,5.55 $,0.99 $,"5,826.78 $",?,43.11 $,0.05 $,114.69 $,29.60 $,6.47 $,5.55 $,49.33 $,832.40 $,13.87 $,38.00 $,80.25 $,43.47 $,129.48 $,52.04 $,265.13 $,90.64 $,"3,539.34 $","1,897.12 $",75.36 $,5.25
Georgia,8.50 $,27.21 $,6.12 $,2.08 $,0.69 $,0.35 $,1.49 $,0.56 $,1.75 $,2.16 $,5.98 $,4.83 $,1.16 $,1.48 $,1.35 $,1.52 $,0.58 $,0.55 $,0.86 $,0.52 $,2.55 $,0.34 $,13.61 $,1.02 $,0.34 $,3.40 $,1.25 $,"15,307.36 $","18,022.99 $",76.75 $,0.07 $,16.52 $,40.65 $,13.56 $,6.46 $,175.49 $,"4,391.69 $",72.57 $,38.81 $,106.84 $,123.11 $,544.12 $,366.13 $,979.15 $,689.26 $,"1,277.56 $",703.63 $,403.96 $,12.37
Germany,11.22 $,50.98 $,8.16 $,3.00 $,2.51 $,2.22 $,0.95 $,1.69 $,1.99 $,2.51 $,12.14 $,7.43 $,2.48 $,1.66 $,2.15 $,1.16 $,1.58 $,0.93 $,1.24 $,0.56 $,7.14 $,2.85 $,71.37 $,3.57 $,2.04 $,30.59 $,2.24 $,"25,138.53 $","24,757.01 $",244.58 $,0.10 $,34.96 $,31.22 $,21.15 $,12.23 $,331.56 $,"12,132.13 $",78.60 $,37.03 $,83.02 $,107.76 $,889.79 $,640.10 $,"1,620.01 $","1,216.15 $","6,981.75 $","4,985.10 $","2,815.05 $",1.90
Ghana,3.73 $,24.88 $,6.22 $,1.81 $,0.75 $,0.27 $,1.54 $,0.81 $,1.51 $,1.57 $,9.35 $,4.05 $,2.21 $,1.17 $,1.19 $,1.76 $,1.94 $,1.60 $,0.86 $,0.54 $,1.37 $,0.50 $,27.04 $,1.24 $,1.18 $,4.04 $,0.97 $,"7,898.49 $","7,169.14 $",47.04 $,0.04 $,48.16 $,35.12 $,8.40 $,6.22 $,97.64 $,"4,324.17 $",14.93 $,12.01 $,31.54 $,36.16 $,671.12 $,75.80 $,"1,948.14 $",302.77 $,"1,178.68 $","6,969.88 $",259.32 $,25.33
Gibraltar,14.31 $,77.49 $,8.35 $,2.55 $,1.52 $,1.79 $,1.22 $,1.65 $,1.19 $,1.79 $,9.39 $,8.05 $,2.74 $,1.82 $,2.07 $,2.02 $,1.63 $,1.59 $,1.18 $,0.63 $,3.93 $,1.73 $,13.65 $,4.53 $,2.38 $,11.92 $,1.23 $,"32,487.66 $","32,189.61 $",110.79 $,0.18 $,46.67 $,68.78 $,19.37 $,10.13 $,794.81 $,"12,160.52 $",102.83 $,37.26 $,87.43 $,95.38 $,"1,549.87 $","1,259.27 $","3,047.58 $","2,639.89 $","6,875.06 $","5,994.79 $","2,948.23 $",4.22
Greece,11.22 $,40.78 $,7.14 $,3.02 $,1.80 $,0.51 $,1.28 $,0.97 $,1.82 $,3.21 $,8.97 $,7.16 $,1.69 $,1.64 $,1.17 $,1.60 $,0.89 $,0.83 $,0.79 $,0.80 $,4.69 $,1.22 $,30.59 $,3.57 $,1.02 $,12.23 $,2.17 $,"20,391.41 $","20,309.60 $",178.57 $,0.41 $,32.72 $,36.00 $,16.60 $,8.16 $,326.70 $,"6,650.64 $",71.29 $,31.74 $,74.34 $,90.44 $,397.02 $,332.51 $,696.28 $,642.75 $,"2,022.47 $","1,717.66 $",777.95 $,4.29
Greenland,15.72 $,65.04 $,13.77 $,4.54 $,2.13 $,1.97 $,1.82 $,2.83 $,5.18 $,3.64 $,23.38 $,17.72 $,4.11 $,4.18 $,5.14 $,4.57 $,3.29 $,3.87 $,5.75 $,3.25 $,11.92 $,2.26 $,72.63 $,3.15 $,5.48 $,6.85 $,0.75 $,"32,819.92 $","15,128.97 $",365.43 $,0.11 $,146.33 $,36.25 $,2.06 $,14.39 $,548.14 $,?,106.20 $,26.49 $,146.13 $,155.26 $,"1,027.76 $",780.73 $,"2,124.05 $","1,679.23 $","4,328.52 $","7,542.10 $","2,236.21 $",8.00
Grenada,7.40 $,74.00 $,7.40 $,3.34 $,1.77 $,1.23 $,1.70 $,1.45 $,1.39 $,3.68 $,9.65 $,8.17 $,9.21 $,2.51 $,3.30 $,5.71 $,2.74 $,1.98 $,1.10 $,1.34 $,5.10 $,1.11 $,61.17 $,15.29 $,?,16.31 $,1.42 $,"24,051.36 $","25,317.29 $",114.55 $,0.25 $,62.59 $,47.68 $,7.39 $,8.70 $,143.38 $,"1,050.24 $",75.55 $,41.81 $,85.00 $,89.48 $,462.21 $,306.45 $,"1,129.37 $",553.57 $,"1,854.98 $","51,479.48 $",899.04 $,7.00
Guadeloupe,9.18 $,30.59 $,10.05 $,3.00 $,2.21 $,1.47 $,1.22 $,3.06 $,2.04 $,3.06 $,14.78 $,5.10 $,3.57 $,1.53 $,2.55 $,3.06 $,2.55 $,2.75 $,1.02 $,0.43 $,?,2.04 $,?,?,?,?,1.39 $,"18,862.06 $","22,828.19 $",152.94 $,0.20 $,56.03 $,30.49 $,?,12.23 $,50.98 $,?,?,?,?,?,815.66 $,713.70 $,"1,223.48 $","1,121.53 $",?,?,"2,148.24 $",2.00
Guam,14.00 $,67.50 $,9.00 $,4.95 $,2.14 $,1.58 $,3.00 $,4.89 $,6.54 $,4.16 $,14.00 $,10.54 $,8.81 $,2.74 $,12.86 $,7.53 $,4.24 $,3.24 $,3.00 $,2.50 $,8.49 $,1.25 $,40.00 $,22.50 $,2.49 $,40.00 $,1.31 $,?,"23,919.60 $",371.69 $,0.17 $,102.90 $,118.33 $,16.50 $,10.00 $,451.67 $,"9,950.00 $",42.66 $,39.00 $,81.17 $,92.58 $,"1,309.09 $","1,061.11 $","2,481.82 $","2,280.00 $","1,257.29 $",807.29 $,"2,325.00 $",4.42
Guatemala,4.52 $,32.25 $,5.81 $,2.37 $,0.98 $,0.73 $,1.64 $,1.80 $,1.51 $,1.92 $,5.51 $,6.09 $,3.04 $,1.14 $,2.65 $,1.36 $,1.45 $,1.49 $,0.77 $,1.03 $,3.41 $,0.39 $,10.64 $,3.87 $,0.77 $,10.32 $,1.05 $,"16,642.06 $","21,323.03 $",56.42 $,0.18 $,49.95 $,46.71 $,29.19 $,6.45 $,193.97 $,"5,738.29 $",49.61 $,50.07 $,92.49 $,85.90 $,486.84 $,374.03 $,"1,029.06 $",607.86 $,"1,354.07 $",862.06 $,485.32 $,8.23
Guernsey,17.88 $,71.53 $,9.54 $,3.44 $,1.95 $,1.46 $,1.73 $,1.92 $,2.02 $,4.03 $,10.34 $,6.22 $,3.24 $,3.28 $,2.87 $,4.07 $,2.21 $,1.40 $,1.45 $,1.28 $,9.18 $,1.19 $,45.30 $,4.02 $,1.86 $,28.11 $,1.55 $,"27,778.44 $","25,435.01 $",162.92 $,0.14 $,61.53 $,76.63 $,21.52 $,8.64 $,"1,295.53 $","14,646.87 $",88.53 $,39.44 $,83.75 $,80.92 $,"1,357.28 $","1,181.37 $","2,638.75 $","2,391.57 $","6,352.27 $","3,865.91 $","2,586.95 $",3.41
Guinea,5.43 $,28.09 $,9.77 $,5.00 $,1.06 $,?,2.00 $,0.50 $,0.60 $,2.70 $,?,5.75 $,3.00 $,1.50 $,1.00 $,0.90 $,1.50 $,1.50 $,2.00 $,1.00 $,2.25 $,0.90 $,15.00 $,0.50 $,0.10 $,5.00 $,1.96 $,?,?,55.00 $,0.12 $,100.00 $,10.00 $,?,?,755.00 $,"7,000.00 $",20.00 $,30.00 $,50.00 $,50.00 $,790.38 $,300.00 $,"1,400.00 $",866.67 $,363.49 $,400.00 $,800.00 $,?
Guinea-Bissau,2.55 $,15.00 $,2.17 $,2.33 $,1.11 $,1.27 $,1.50 $,0.23 $,0.78 $,1.92 $,?,2.72 $,2.14 $,1.48 $,1.17 $,2.33 $,0.80 $,0.78 $,0.78 $,0.78 $,1.55 $,?,?,0.39 $,0.78 $,4.66 $,1.03 $,?,?,15.54 $,0.18 $,?,69.94 $,3.89 $,1.55 $,?,?,85.49 $,54.40 $,77.72 $,101.03 $,284.97 $,151.57 $,226.96 $,409.72 $,"1,554.32 $","1,321.18 $","1,000.00 $",?
Guyana,3.97 $,50.00 $,7.17 $,3.61 $,1.29 $,0.82 $,3.66 $,1.45 $,1.42 $,3.17 $,8.52 $,5.48 $,5.26 $,2.29 $,3.23 $,2.15 $,1.49 $,1.28 $,1.79 $,1.59 $,2.39 $,0.57 $,31.07 $,2.39 $,2.39 $,9.08 $,1.02 $,"14,342.02 $","15,457.51 $",79.17 $,0.14 $,60.78 $,28.39 $,15.14 $,7.17 $,77.02 $,"1,437.62 $",30.18 $,46.78 $,77.17 $,70.75 $,289.83 $,192.72 $,579.66 $,349.59 $,"4,386.70 $","1,269.32 $",354.12 $,6.61
Haiti,15.00 $,60.00 $,12.00 $,3.67 $,2.08 $,2.39 $,1.85 $,1.34 $,3.16 $,2.73 $,6.04 $,9.59 $,2.35 $,2.35 $,2.92 $,2.91 $,4.79 $,2.68 $,0.99 $,1.00 $,2.15 $,0.50 $,30.61 $,0.50 $,?,11.91 $,1.86 $,"25,000.00 $","45,000.00 $",88.74 $,0.09 $,90.24 $,65.00 $,20.00 $,5.00 $,100.00 $,"7,000.00 $",53.39 $,32.91 $,86.79 $,150.00 $,"1,300.00 $",703.15 $,"1,947.20 $","1,016.84 $","2,960.08 $","1,689.75 $",667.20 $,13.50
Honduras,5.00 $,25.00 $,6.00 $,1.67 $,0.88 $,0.70 $,1.11 $,1.65 $,1.08 $,1.93 $,3.68 $,4.03 $,2.86 $,1.19 $,1.86 $,1.34 $,1.28 $,1.34 $,0.81 $,0.95 $,2.41 $,0.60 $,38.60 $,3.00 $,1.65 $,5.00 $,1.09 $,"20,000.00 $","21,044.43 $",111.02 $,0.16 $,72.28 $,38.45 $,16.86 $,4.09 $,171.72 $,"3,987.62 $",45.99 $,43.30 $,86.67 $,87.55 $,270.53 $,221.20 $,602.22 $,435.48 $,846.97 $,884.27 $,502.05 $,11.22
Hong Kong,7.65 $,63.72 $,5.22 $,4.91 $,1.21 $,1.02 $,3.04 $,2.25 $,1.84 $,3.56 $,25.14 $,9.51 $,4.54 $,2.25 $,3.67 $,2.92 $,2.59 $,2.59 $,1.63 $,1.60 $,7.90 $,1.27 $,63.72 $,3.06 $,1.08 $,12.74 $,2.67 $,"33,133.10 $","32,695.88 $",191.33 $,0.10 $,25.02 $,82.82 $,9.13 $,12.74 $,777.89 $,"18,108.10 $",80.30 $,39.31 $,89.04 $,129.28 $,"2,206.51 $","1,574.35 $","4,514.52 $","3,084.76 $","31,653.39 $","20,209.82 $","3,060.13 $",2.33
Hungary,5.69 $,32.77 $,4.45 $,1.42 $,0.95 $,0.79 $,0.66 $,0.80 $,1.04 $,1.59 $,6.80 $,4.03 $,1.17 $,1.17 $,1.29 $,2.41 $,0.82 $,0.76 $,0.89 $,0.30 $,4.45 $,0.87 $,23.49 $,1.85 $,0.87 $,11.13 $,1.18 $,"16,952.91 $","17,682.71 $",124.44 $,0.07 $,11.88 $,32.17 $,8.23 $,4.95 $,249.67 $,"5,834.62 $",58.51 $,27.81 $,66.21 $,65.63 $,373.77 $,294.07 $,661.23 $,499.75 $,"2,333.90 $","1,726.06 $",769.48 $,5.98
Iceland,18.40 $,98.57 $,14.05 $,4.47 $,2.43 $,1.99 $,1.40 $,3.04 $,3.06 $,5.28 $,12.92 $,16.09 $,2.99 $,2.30 $,2.47 $,4.26 $,2.42 $,1.46 $,2.59 $,1.90 $,11.04 $,3.61 $,58.89 $,5.52 $,2.51 $,58.30 $,1.95 $,"29,446.41 $","33,026.47 $",110.67 $,0.17 $,67.87 $,65.07 $,34.05 $,12.51 $,283.21 $,"5,427.95 $",115.66 $,55.40 $,152.14 $,183.48 $,"1,351.86 $","1,096.42 $","1,929.21 $","1,672.69 $","5,028.91 $","3,858.64 $","3,267.29 $",5.22
India,2.52 $,12.62 $,3.78 $,1.70 $,0.43 $,0.18 $,0.68 $,0.48 $,0.70 $,0.94 $,5.32 $,3.32 $,2.11 $,0.65 $,1.09 $,0.57 $,0.36 $,0.44 $,0.53 $,0.36 $,4.42 $,0.32 $,10.09 $,0.63 $,0.25 $,1.26 $,1.32 $,"12,615.45 $","22,748.86 $",36.01 $,0.01 $,9.35 $,20.31 $,7.19 $,3.78 $,64.84 $,"1,600.95 $",28.92 $,28.78 $,46.21 $,35.29 $,192.86 $,125.46 $,440.27 $,268.24 $,"1,493.73 $",706.20 $,743.61 $,8.34
Indonesia,1.66 $,16.63 $,3.33 $,1.95 $,0.59 $,0.27 $,1.26 $,1.13 $,0.85 $,1.50 $,7.23 $,3.23 $,2.42 $,1.31 $,1.70 $,0.98 $,1.20 $,1.85 $,0.86 $,0.43 $,2.00 $,0.33 $,10.22 $,0.50 $,0.40 $,2.99 $,0.82 $,"26,745.26 $","27,243.01 $",57.93 $,0.10 $,31.32 $,27.68 $,7.62 $,3.33 $,95.05 $,"6,605.05 $",37.04 $,26.00 $,66.81 $,61.04 $,254.11 $,157.91 $,592.07 $,363.97 $,"1,520.96 $",843.96 $,331.91 $,9.67
Iran,4.75 $,29.20 $,4.67 $,1.70 $,0.83 $,0.60 $,1.01 $,0.61 $,3.38 $,1.36 $,4.73 $,3.93 $,1.16 $,1.52 $,1.09 $,0.82 $,0.65 $,0.59 $,0.64 $,0.43 $,2.44 $,0.36 $,14.76 $,0.50 $,0.36 $,3.00 $,0.61 $,"66,000.00 $","61,519.47 $",31.57 $,0.02 $,19.57 $,25.59 $,15.73 $,3.56 $,113.16 $,"1,356.89 $",52.77 $,47.34 $,193.63 $,95.09 $,506.02 $,311.86 $,"1,201.83 $",741.59 $,"2,223.11 $","1,273.46 $",305.72 $,20.16
Iraq,5.00 $,22.97 $,6.85 $,2.22 $,0.44 $,0.23 $,1.07 $,0.79 $,1.34 $,1.69 $,4.59 $,3.69 $,0.97 $,1.02 $,0.99 $,0.68 $,0.61 $,0.58 $,0.65 $,0.49 $,2.00 $,0.42 $,25.35 $,2.50 $,2.00 $,5.01 $,0.49 $,"15,270.34 $","17,166.95 $",92.60 $,0.09 $,36.49 $,33.15 $,13.26 $,8.38 $,131.97 $,"2,047.83 $",26.54 $,24.52 $,48.37 $,38.47 $,351.53 $,219.70 $,605.10 $,402.26 $,"1,279.60 $",694.24 $,578.67 $,9.29
Ireland,15.29 $,71.37 $,9.18 $,3.42 $,1.90 $,1.48 $,1.11 $,1.67 $,1.32 $,2.95 $,7.81 $,8.65 $,2.36 $,1.74 $,2.28 $,2.63 $,1.66 $,1.18 $,0.97 $,1.37 $,14.99 $,2.55 $,110.45 $,4.08 $,1.38 $,24.47 $,1.92 $,"28,547.98 $","28,593.35 $",171.41 $,0.33 $,51.06 $,45.62 $,17.67 $,11.22 $,962.45 $,"8,130.15 $",75.49 $,35.52 $,80.09 $,87.82 $,"1,546.96 $","1,270.42 $","2,584.87 $","2,029.49 $","4,333.47 $","3,064.95 $","2,633.91 $",3.35
Isle Of Man,19.67 $,68.55 $,8.04 $,3.38 $,1.89 $,1.67 $,1.21 $,1.45 $,1.50 $,2.66 $,6.90 $,6.32 $,2.70 $,1.16 $,6.38 $,2.98 $,1.06 $,1.27 $,0.94 $,0.53 $,14.31 $,2.98 $,59.11 $,3.34 $,1.43 $,54.42 $,1.62 $,"23,844.15 $","25,972.25 $",107.30 $,0.22 $,44.23 $,36.21 $,10.73 $,9.54 $,"1,013.38 $","19,870.13 $",55.59 $,35.77 $,53.48 $,68.64 $,940.52 $,733.21 $,"1,468.58 $","1,397.53 $","2,086.36 $","4,381.36 $","4,526.95 $",2.50
Israel,17.06 $,85.30 $,15.64 $,3.66 $,2.62 $,1.97 $,1.72 $,2.30 $,2.61 $,3.74 $,14.00 $,10.11 $,3.07 $,2.21 $,1.84 $,1.75 $,1.34 $,1.16 $,1.66 $,1.42 $,9.95 $,1.71 $,60.56 $,4.27 $,1.14 $,28.43 $,1.96 $,"38,669.67 $","39,110.66 $",223.60 $,0.09 $,27.64 $,67.72 $,18.51 $,11.94 $,868.59 $,"8,553.61 $",85.73 $,58.35 $,115.62 $,129.00 $,"1,188.01 $",950.54 $,"1,874.07 $","1,436.24 $","7,487.91 $","6,035.28 $","2,552.03 $",3.48
Italy,15.29 $,61.17 $,8.16 $,1.48 $,2.23 $,1.09 $,1.18 $,1.64 $,1.99 $,2.88 $,12.58 $,8.80 $,1.90 $,1.66 $,1.85 $,2.40 $,1.30 $,1.32 $,1.08 $,0.42 $,5.91 $,1.53 $,35.68 $,5.10 $,1.31 $,27.53 $,2.19 $,"23,806.97 $","25,581.16 $",171.62 $,0.17 $,29.01 $,47.00 $,19.30 $,9.12 $,455.53 $,"9,825.18 $",76.38 $,32.45 $,83.17 $,109.31 $,703.56 $,536.82 $,"1,343.19 $",945.36 $,"4,235.06 $","2,401.05 $","1,483.83 $",1.67
Ivory Coast,3.11 $,31.09 $,8.24 $,1.83 $,0.71 $,0.59 $,1.55 $,0.47 $,1.08 $,1.79 $,10.62 $,8.90 $,2.57 $,0.70 $,1.39 $,1.57 $,0.92 $,0.92 $,0.52 $,0.73 $,1.48 $,0.47 $,31.09 $,0.78 $,0.78 $,5.05 $,0.97 $,"23,314.87 $","22,475.54 $",142.77 $,0.13 $,55.62 $,41.45 $,12.63 $,7.77 $,106.21 $,"2,797.78 $",52.65 $,21.76 $,71.89 $,68.00 $,472.77 $,179.39 $,967.14 $,673.54 $,"1,220.27 $","1,282.32 $",131.15 $,9.85
Jamaica,4.99 $,46.50 $,5.98 $,2.84 $,0.94 $,0.71 $,2.86 $,2.56 $,0.88 $,2.67 $,9.14 $,5.10 $,3.60 $,2.69 $,2.59 $,2.07 $,2.30 $,2.36 $,1.81 $,0.94 $,9.30 $,0.85 $,33.22 $,1.33 $,3.32 $,9.30 $,1.20 $,"37,867.55 $","32,664.52 $",81.56 $,0.06 $,40.92 $,39.06 $,10.34 $,9.47 $,203.73 $,"1,291.32 $",26.62 $,22.13 $,54.98 $,62.56 $,495.63 $,320.62 $,984.02 $,684.46 $,"4,116.45 $","4,458.22 $",555.70 $,8.00
Japan,6.65 $,35.45 $,5.17 $,3.16 $,1.08 $,0.82 $,1.42 $,1.58 $,3.89 $,1.78 $,13.48 $,6.49 $,5.35 $,2.49 $,4.57 $,4.59 $,3.28 $,2.50 $,1.38 $,0.92 $,3.99 $,1.62 $,67.29 $,4.58 $,3.03 $,22.16 $,1.20 $,"20,681.74 $","16,551.07 $",161.74 $,0.29 $,34.60 $,62.46 $,20.14 $,13.30 $,371.24 $,"12,122.41 $",45.36 $,32.67 $,59.10 $,89.84 $,751.39 $,468.75 $,"1,383.92 $",886.19 $,"6,557.95 $","3,720.18 $","2,450.05 $",1.41
Jersey,23.84 $,92.40 $,7.75 $,3.75 $,2.21 $,1.57 $,1.53 $,1.98 $,2.80 $,4.46 $,7.16 $,8.59 $,3.61 $,2.54 $,3.97 $,3.33 $,2.46 $,1.48 $,1.23 $,1.11 $,12.30 $,2.62 $,61.99 $,5.07 $,3.64 $,4.05 $,1.70 $,"29,805.19 $","24,440.26 $",179.44 $,0.61 $,57.15 $,73.92 $,16.29 $,15.50 $,"1,871.77 $","17,708.26 $",85.44 $,44.11 $,94.05 $,98.30 $,"1,605.51 $","1,571.16 $","3,093.12 $","2,920.91 $","7,832.21 $","9,160.13 $","2,929.80 $",2.88
Jordan,5.64 $,42.31 $,6.35 $,2.98 $,0.52 $,0.38 $,1.46 $,0.49 $,1.49 $,1.83 $,7.15 $,5.49 $,1.98 $,1.64 $,1.43 $,0.72 $,0.86 $,0.69 $,0.58 $,0.56 $,3.53 $,0.71 $,56.42 $,0.49 $,0.71 $,7.05 $,1.29 $,"34,555.71 $","32,590.55 $",72.87 $,0.04 $,39.16 $,51.76 $,30.22 $,11.28 $,191.60 $,"5,216.32 $",54.49 $,59.55 $,96.55 $,84.24 $,298.18 $,218.95 $,563.78 $,411.11 $,"1,178.32 $",751.00 $,589.69 $,7.79
Kazakhstan,6.42 $,25.68 $,4.28 $,1.54 $,0.53 $,0.34 $,0.77 $,0.30 $,0.79 $,1.14 $,6.18 $,3.44 $,1.17 $,1.41 $,1.54 $,1.53 $,0.47 $,0.34 $,0.85 $,0.45 $,1.28 $,0.19 $,13.37 $,1.07 $,0.35 $,3.21 $,0.40 $,"14,978.02 $","20,423.88 $",46.65 $,0.03 $,10.77 $,33.87 $,15.08 $,3.85 $,155.22 $,"5,291.44 $",69.27 $,33.97 $,69.67 $,82.53 $,302.41 $,203.35 $,564.74 $,368.05 $,901.38 $,647.03 $,404.42 $,13.83
Kenya,4.03 $,33.90 $,5.93 $,2.20 $,0.51 $,0.43 $,0.81 $,0.48 $,1.35 $,1.45 $,10.37 $,6.02 $,2.01 $,1.11 $,1.71 $,0.91 $,0.78 $,0.87 $,0.63 $,0.67 $,2.54 $,0.85 $,33.90 $,2.54 $,1.27 $,2.75 $,1.13 $,"14,406.78 $","14,924.67 $",26.74 $,0.03 $,48.20 $,40.75 $,15.78 $,6.78 $,161.79 $,"7,886.34 $",14.90 $,21.69 $,32.27 $,35.19 $,229.60 $,136.41 $,599.13 $,320.36 $,"3,784.08 $",787.25 $,425.39 $,12.93
Kosovo (Disputed Territory),3.06 $,15.29 $,3.06 $,0.98 $,0.97 $,0.62 $,1.01 $,0.45 $,1.13 $,1.34 $,4.46 $,3.15 $,0.87 $,1.16 $,1.02 $,0.91 $,0.63 $,0.60 $,0.65 $,0.49 $,2.85 $,0.41 $,14.27 $,1.53 $,0.61 $,5.10 $,1.42 $,"15,293.56 $","17,918.95 $",63.09 $,0.08 $,16.96 $,19.31 $,8.84 $,4.08 $,86.27 $,"1,780.33 $",30.52 $,27.61 $,49.64 $,51.21 $,251.62 $,186.78 $,399.48 $,312.91 $,"1,166.84 $",712.63 $,404.05 $,4.97
Kuwait,6.51 $,48.80 $,6.51 $,4.75 $,0.55 $,0.40 $,1.40 $,0.79 $,1.79 $,1.83 $,4.65 $,4.26 $,1.99 $,1.70 $,1.68 $,1.30 $,1.07 $,0.93 $,1.71 $,0.49 $,3.09 $,0.98 $,40.66 $,3.25 $,3.25 $,11.39 $,0.32 $,"20,820.46 $","17,000.55 $",38.43 $,0.13 $,27.86 $,105.60 $,42.67 $,11.39 $,291.84 $,"5,947.93 $",49.17 $,48.96 $,95.43 $,103.99 $,859.39 $,669.41 $,"1,744.72 $","1,358.02 $","5,534.77 $","3,025.47 $","1,912.20 $",5.26
Kyrgyzstan,4.72 $,18.87 $,3.77 $,1.69 $,0.55 $,0.29 $,0.70 $,0.34 $,1.14 $,1.61 $,6.75 $,4.23 $,0.89 $,1.57 $,1.80 $,1.19 $,0.52 $,0.37 $,0.31 $,0.39 $,1.45 $,0.19 $,6.29 $,0.75 $,0.19 $,2.52 $,0.79 $,"15,410.14 $","23,901.44 $",38.41 $,0.04 $,14.60 $,38.42 $,8.49 $,3.77 $,124.90 $,"14,822.46 $",17.93 $,27.52 $,49.53 $,59.12 $,271.35 $,180.20 $,495.92 $,329.40 $,833.78 $,672.40 $,257.88 $,14.81
Laos,3.00 $,26.48 $,5.00 $,2.42 $,1.13 $,0.62 $,2.93 $,1.82 $,1.90 $,1.58 $,20.94 $,4.27 $,4.82 $,1.95 $,2.89 $,3.79 $,2.15 $,1.89 $,1.74 $,0.53 $,2.00 $,0.68 $,5.94 $,3.00 $,1.49 $,5.00 $,1.06 $,"59,448.31 $","34,793.12 $",95.00 $,0.13 $,102.02 $,34.22 $,22.99 $,5.00 $,?,"4,490.81 $",93.14 $,50.63 $,124.25 $,44.78 $,560.49 $,267.68 $,975.00 $,619.08 $,"2,493.10 $",297.70 $,312.04 $,10.12
Latvia,8.16 $,39.76 $,6.12 $,2.50 $,1.21 $,1.08 $,1.07 $,1.01 $,1.80 $,1.99 $,7.64 $,5.87 $,1.11 $,1.46 $,1.69 $,2.50 $,0.65 $,0.56 $,1.14 $,0.69 $,4.08 $,1.17 $,48.43 $,2.04 $,0.71 $,10.20 $,1.83 $,"21,410.98 $","20,646.79 $",219.17 $,0.11 $,15.23 $,34.96 $,20.04 $,8.16 $,317.90 $,"15,205.88 $",58.99 $,38.80 $,66.39 $,98.63 $,349.57 $,262.92 $,628.54 $,441.47 $,"1,710.78 $","1,026.50 $",893.78 $,2.60
Lebanon,10.00 $,50.00 $,8.00 $,3.50 $,1.77 $,0.78 $,4.80 $,1.22 $,2.00 $,2.73 $,14.02 $,7.50 $,2.02 $,1.74 $,1.80 $,1.58 $,1.47 $,1.16 $,0.97 $,0.78 $,3.00 $,1.50 $,70.43 $,6.00 $,1.25 $,19.65 $,1.10 $,"24,000.00 $","21,691.67 $",198.81 $,0.36 $,55.00 $,56.63 $,22.01 $,10.00 $,404.90 $,"5,194.44 $",74.47 $,62.94 $,133.50 $,123.95 $,736.84 $,396.36 $,"1,471.05 $",860.60 $,"3,071.05 $","1,585.49 $",942.27 $,8.05
Lesotho,11.95 $,27.07 $,10.55 $,1.36 $,0.73 $,0.30 $,1.06 $,0.79 $,1.51 $,1.34 $,4.38 $,2.99 $,1.25 $,1.43 $,1.79 $,1.55 $,1.52 $,1.34 $,1.21 $,1.00 $,?,0.52 $,20.00 $,0.51 $,0.31 $,9.46 $,0.90 $,"20,905.36 $",?,59.73 $,0.12 $,46.29 $,27.87 $,2.99 $,4.48 $,32.85 $,716.76 $,38.82 $,19.91 $,49.77 $,53.56 $,298.65 $,177.20 $,776.48 $,403.17 $,?,?,"1,194.59 $",9.83
Liberia,12.50 $,50.00 $,10.00 $,3.67 $,1.50 $,2.67 $,1.40 $,1.43 $,3.18 $,5.33 $,15.22 $,10.07 $,16.16 $,14.27 $,9.22 $,15.41 $,16.10 $,12.22 $,9.25 $,1.20 $,4.00 $,3.00 $,17.00 $,?,0.62 $,10.00 $,1.04 $,"5,069.87 $","14,457.43 $",216.10 $,0.35 $,49.87 $,66.50 $,5.75 $,7.37 $,132.44 $,"1,227.33 $",11.82 $,57.50 $,75.00 $,88.33 $,"1,312.50 $",158.33 $,"2,069.33 $",483.00 $,"5,000.00 $","2,500.00 $","2,592.00 $",?
Libya,4.00 $,27.50 $,3.09 $,0.55 $,0.46 $,0.18 $,0.92 $,0.37 $,0.97 $,1.49 $,7.45 $,3.00 $,1.74 $,1.17 $,0.86 $,0.60 $,0.62 $,0.61 $,0.59 $,0.27 $,2.27 $,0.93 $,16.19 $,1.03 $,0.62 $,5.67 $,0.04 $,"12,370.23 $","11,253.84 $",16.70 $,0.03 $,33.37 $,22.27 $,16.45 $,3.61 $,55.36 $,"1,446.08 $",36.41 $,34.21 $,52.80 $,69.41 $,170.17 $,112.33 $,356.44 $,208.64 $,672.63 $,323.83 $,289.16 $,12.62
Liechtenstein,25.73 $,100.36 $,14.41 $,4.98 $,4.46 $,3.26 $,1.69 $,3.51 $,2.06 $,7.19 $,14.27 $,10.01 $,2.65 $,3.81 $,4.48 $,4.63 $,1.95 $,2.14 $,1.99 $,0.98 $,9.26 $,4.80 $,51.47 $,1.65 $,1.06 $,7.14 $,1.70 $,"26,079.54 $","34,920.70 $",187.72 $,0.16 $,52.16 $,75.20 $,28.48 $,18.53 $,231.61 $,"12,599.66 $",89.12 $,42.53 $,100.23 $,141.57 $,"1,244.99 $",940.65 $,"2,309.31 $","1,868.33 $","5,421.08 $","2,847.96 $","5,685.35 $",6.44
Lithuania,8.16 $,40.78 $,5.61 $,2.48 $,1.59 $,1.34 $,1.15 $,1.10 $,1.93 $,1.93 $,8.20 $,5.46 $,1.15 $,1.20 $,1.50 $,2.30 $,0.64 $,0.51 $,1.11 $,0.71 $,4.44 $,0.99 $,29.57 $,1.02 $,0.71 $,9.18 $,1.75 $,"20,583.09 $","20,626.63 $",162.83 $,0.15 $,13.00 $,31.11 $,20.48 $,8.16 $,397.37 $,"7,098.01 $",70.41 $,32.39 $,77.11 $,92.45 $,568.45 $,367.26 $,973.78 $,643.63 $,"3,114.96 $","1,955.57 $","1,045.30 $",2.37
Luxembourg,18.35 $,71.37 $,10.20 $,3.54 $,2.84 $,2.87 $,1.29 $,2.90 $,2.48 $,4.05 $,18.35 $,12.19 $,2.64 $,1.80 $,2.88 $,3.84 $,1.74 $,2.50 $,1.61 $,0.64 $,5.51 $,0.00 $,0.00 $,3.57 $,2.96 $,30.59 $,1.53 $,"25,091.63 $","25,707.34 $",265.01 $,0.21 $,53.80 $,48.53 $,25.49 $,12.23 $,"1,235.59 $","15,168.07 $",84.42 $,43.67 $,102.59 $,134.24 $,"1,616.30 $","1,401.91 $","2,792.23 $","2,243.06 $","11,575.10 $","8,917.49 $","3,671.84 $",1.94
Macao,6.19 $,63.11 $,5.94 $,4.91 $,0.86 $,0.60 $,2.65 $,2.11 $,2.43 $,2.49 $,19.81 $,6.47 $,3.55 $,3.37 $,4.85 $,3.21 $,4.33 $,3.99 $,2.20 $,1.14 $,6.31 $,0.74 $,23.51 $,2.35 $,1.24 $,12.38 $,1.54 $,"36,875.01 $","27,433.42 $",99.58 $,0.15 $,34.83 $,114.50 $,4.77 $,12.38 $,585.51 $,"8,678.20 $",65.54 $,45.92 $,82.25 $,105.19 $,"1,258.16 $",938.49 $,"1,976.95 $","1,957.75 $","12,402.84 $","9,210.32 $","2,436.04 $",2.46
Madagascar,1.59 $,17.14 $,4.90 $,1.20 $,0.85 $,0.51 $,0.81 $,0.71 $,0.65 $,1.77 $,7.73 $,5.02 $,1.55 $,0.49 $,0.94 $,0.80 $,0.52 $,0.77 $,0.27 $,0.58 $,5.96 $,0.12 $,5.10 $,1.22 $,1.22 $,4.90 $,1.00 $,"19,892.01 $","27,542.78 $",40.80 $,0.06 $,66.06 $,47.33 $,6.94 $,7.34 $,216.26 $,"4,994.42 $",37.54 $,26.93 $,110.17 $,73.45 $,355.00 $,99.93 $,930.33 $,515.54 $,979.30 $,489.65 $,175.05 $,16.33
Malawi,3.40 $,29.14 $,4.86 $,2.20 $,0.65 $,0.34 $,0.74 $,0.53 $,0.82 $,1.28 $,17.48 $,2.50 $,2.44 $,1.21 $,2.02 $,1.58 $,1.09 $,1.43 $,0.36 $,0.56 $,2.91 $,0.49 $,44.53 $,3.64 $,0.34 $,0.97 $,0.92 $,"26,708.07 $","24,927.53 $",49.35 $,0.07 $,154.31 $,33.18 $,6.31 $,4.44 $,223.38 $,"7,804.44 $",35.13 $,20.15 $,61.45 $,62.61 $,335.65 $,174.64 $,616.67 $,488.48 $,"16,145.87 $","1,165.44 $",449.63 $,26.75
Malaysia,2.26 $,18.08 $,3.62 $,2.45 $,0.57 $,0.33 $,1.55 $,0.77 $,1.18 $,1.38 $,11.16 $,3.79 $,2.13 $,1.18 $,2.29 $,1.13 $,0.77 $,0.91 $,0.81 $,0.53 $,4.05 $,0.61 $,22.60 $,0.90 $,0.45 $,4.52 $,0.47 $,"34,919.20 $","27,550.23 $",43.93 $,0.06 $,26.93 $,30.90 $,4.77 $,3.39 $,154.26 $,"6,044.05 $",49.75 $,25.08 $,61.78 $,56.62 $,346.17 $,231.39 $,629.47 $,420.95 $,"1,870.22 $","1,061.46 $",840.90 $,4.04
Maldives,5.01 $,29.25 $,8.94 $,2.41 $,1.23 $,0.34 $,1.74 $,1.50 $,0.96 $,1.52 $,8.76 $,3.79 $,3.00 $,3.07 $,3.21 $,2.89 $,1.11 $,1.08 $,5.96 $,0.54 $,6.50 $,1.30 $,43.32 $,1.63 $,1.63 $,8.13 $,0.74 $,"45,507.30 $","33,588.72 $",151.38 $,0.06 $,91.01 $,68.80 $,4.23 $,7.80 $,152.77 $,"2,817.12 $",39.79 $,41.28 $,72.16 $,70.93 $,860.11 $,568.84 $,"1,793.20 $","1,365.22 $","2,713.13 $","1,814.88 $",830.10 $,13.67
Mali,4.72 $,61.84 $,5.08 $,2.67 $,0.95 $,0.76 $,1.91 $,1.23 $,0.93 $,2.46 $,15.63 $,5.68 $,?,1.00 $,2.50 $,3.39 $,1.02 $,1.02 $,0.33 $,1.01 $,1.88 $,?,?,?,1.77 $,?,1.20 $,"50,000.00 $","40,000.00 $",276.36 $,0.21 $,43.30 $,63.28 $,14.53 $,6.00 $,354.72 $,"12,000.00 $",?,25.00 $,?,125.00 $,"1,000.00 $",538.39 $,"1,348.09 $",886.07 $,?,?,109.58 $,12.00
Malta,15.29 $,61.17 $,8.25 $,2.31 $,1.85 $,1.22 $,1.03 $,1.14 $,2.38 $,2.50 $,8.82 $,7.58 $,2.66 $,1.89 $,2.52 $,2.62 $,1.91 $,2.08 $,1.55 $,0.89 $,6.07 $,1.53 $,26.51 $,5.10 $,2.04 $,30.59 $,1.39 $,"22,379.58 $","25,537.29 $",93.44 $,0.30 $,35.07 $,59.37 $,22.09 $,9.18 $,377.47 $,"7,905.97 $",70.41 $,38.61 $,83.60 $,97.39 $,837.84 $,696.59 $,"1,482.79 $","1,127.24 $","3,559.38 $","2,568.91 $","1,185.09 $",4.14
Marshall Islands,13.75 $,24.00 $,7.00 $,3.25 $,1.00 $,1.00 $,2.02 $,3.20 $,1.40 $,2.77 $,16.70 $,4.50 $,8.80 $,?,2.84 $,?,2.84 $,?,3.75 $,1.90 $,?,1.75 $,?,1.50 $,1.25 $,?,1.19 $,"12,000.00 $","13,000.00 $",525.00 $,?,63.33 $,25.00 $,?,?,?,"3,250.00 $",45.00 $,?,40.00 $,58.00 $,933.33 $,716.67 $,"1,450.00 $","1,250.00 $",?,?,"1,750.00 $",?
Martinique,10.20 $,65.76 $,10.17 $,3.06 $,2.21 $,1.80 $,1.02 $,2.31 $,2.04 $,3.96 $,25.44 $,11.16 $,2.57 $,1.45 $,1.95 $,3.56 $,1.73 $,1.91 $,1.42 $,0.64 $,10.71 $,1.48 $,44.86 $,?,?,?,1.50 $,?,?,101.96 $,?,52.51 $,30.54 $,?,8.16 $,30.59 $,?,101.96 $,?,?,?,458.81 $,538.97 $,866.64 $,764.68 $,?,"4,078.28 $","2,243.06 $",?
Mauritania,5.60 $,27.24 $,6.95 $,2.23 $,3.41 $,1.49 $,1.40 $,4.91 $,1.29 $,2.53 $,8.09 $,6.01 $,2.15 $,1.88 $,1.55 $,0.98 $,0.75 $,0.72 $,0.62 $,0.76 $,2.74 $,0.56 $,31.33 $,0.97 $,0.41 $,5.60 $,1.09 $,56.02 $,"9,803.92 $",101.31 $,0.95 $,164.45 $,45.49 $,?,5.56 $,105.04 $,"9,105.94 $",18.12 $,18.12 $,43.35 $,16.03 $,242.16 $,143.22 $,636.09 $,299.94 $,280.11 $,216.04 $,644.26 $,13.00
Mauritius,6.58 $,32.90 $,4.39 $,2.11 $,1.01 $,0.64 $,1.06 $,0.63 $,2.04 $,1.87 $,9.58 $,5.02 $,2.16 $,1.70 $,1.96 $,3.11 $,1.05 $,1.16 $,0.76 $,0.55 $,5.48 $,0.81 $,21.93 $,3.29 $,2.19 $,10.97 $,1.16 $,"26,319.58 $","28,296.29 $",51.21 $,0.05 $,31.69 $,31.72 $,11.39 $,6.58 $,143.77 $,"3,366.71 $",43.78 $,34.48 $,72.67 $,66.41 $,325.41 $,209.91 $,655.87 $,459.72 $,"1,128.81 $",928.50 $,480.42 $,6.42
Mexico,7.01 $,29.02 $,5.80 $,2.32 $,0.86 $,0.64 $,1.08 $,1.71 $,1.31 $,1.57 $,6.01 $,5.35 $,2.32 $,1.06 $,1.06 $,1.21 $,1.23 $,1.16 $,0.82 $,0.76 $,3.14 $,0.48 $,16.93 $,1.93 $,0.97 $,7.26 $,1.08 $,"16,929.58 $","17,480.79 $",49.95 $,0.07 $,25.16 $,28.55 $,12.19 $,3.87 $,176.48 $,"3,780.32 $",40.76 $,32.12 $,71.37 $,63.25 $,424.22 $,261.97 $,763.17 $,551.56 $,"1,167.79 $",872.56 $,616.57 $,11.01
Micronesia,?,52.00 $,21.00 $,?,?,?,?,2.20 $,4.41 $,2.40 $,2.20 $,?,4.41 $,?,4.41 $,?,?,2.20 $,2.00 $,?,?,1.00 $,42.00 $,?,?,?,1.14 $,?,?,?,0.15 $,194.00 $,?,?,?,?,?,?,?,?,?,"1,000.00 $","1,100.00 $","1,150.00 $","1,300.00 $",690.00 $,420.00 $,?,?
Moldova,5.21 $,26.03 $,4.16 $,1.31 $,0.71 $,0.50 $,0.86 $,0.37 $,1.10 $,1.58 $,7.16 $,3.79 $,0.62 $,1.28 $,1.19 $,1.54 $,0.47 $,0.41 $,0.87 $,0.57 $,2.08 $,0.15 $,8.53 $,1.56 $,0.21 $,3.12 $,1.31 $,"15,739.85 $","19,319.54 $",127.01 $,0.09 $,9.03 $,19.84 $,9.23 $,5.21 $,246.38 $,"2,420.26 $",48.67 $,31.84 $,78.69 $,82.59 $,263.04 $,182.88 $,442.23 $,353.57 $,"1,003.32 $",701.16 $,392.31 $,8.56
Monaco,30.59 $,132.54 $,10.20 $,4.25 $,5.53 $,6.20 $,2.17 $,2.80 $,2.93 $,3.03 $,19.88 $,13.00 $,2.55 $,4.76 $,2.68 $,2.68 $,2.68 $,2.73 $,2.04 $,2.77 $,10.20 $,2.04 $,50.98 $,3.06 $,?,61.17 $,2.04 $,"25,489.27 $","25,829.12 $",197.37 $,0.03 $,56.89 $,142.74 $,30.59 $,12.23 $,"2,548.93 $","28,547.98 $",99.41 $,34.67 $,124.90 $,400.35 $,"5,267.78 $","3,580.60 $","25,052.31 $","11,827.02 $","85,935.24 $","59,389.99 $","5,669.95 $",1.88
Mongolia,4.79 $,28.71 $,4.31 $,2.36 $,0.84 $,0.39 $,1.03 $,0.60 $,1.16 $,1.72 $,8.08 $,4.55 $,2.58 $,2.50 $,2.79 $,2.84 $,0.45 $,0.96 $,1.05 $,0.49 $,1.60 $,0.16 $,7.90 $,0.48 $,0.48 $,2.87 $,0.86 $,"19,142.58 $","17,547.36 $",57.65 $,0.03 $,11.73 $,56.23 $,10.37 $,3.19 $,130.28 $,"6,699.90 $",46.26 $,28.36 $,68.20 $,75.51 $,279.34 $,166.42 $,670.91 $,403.77 $,"1,177.08 $",801.60 $,325.67 $,8.78
Montenegro,6.12 $,26.51 $,4.08 $,1.47 $,1.79 $,1.21 $,0.88 $,0.62 $,1.45 $,1.99 $,6.20 $,5.02 $,0.97 $,1.23 $,1.14 $,1.52 $,0.65 $,0.86 $,0.78 $,0.61 $,3.57 $,1.02 $,30.59 $,1.02 $,0.82 $,6.12 $,1.40 $,"20,391.41 $","19,676.69 $",98.50 $,0.13 $,25.83 $,32.35 $,9.75 $,5.10 $,172.25 $,"6,004.14 $",56.59 $,30.02 $,70.04 $,89.77 $,344.63 $,258.24 $,729.63 $,523.49 $,"1,685.93 $","1,243.88 $",550.51 $,5.37
Montserrat,9.25 $,74.00 $,5.55 $,5.55 $,1.97 $,1.60 $,3.14 $,2.10 $,1.73 $,5.06 $,?,8.69 $,1.30 $,4.08 $,4.08 $,4.08 $,4.69 $,2.27 $,4.81 $,?,2.87 $,1.11 $,?,7.40 $,0.19 $,?,1.49 $,"11,100.63 $","18,501.05 $",84.18 $,0.09 $,75.11 $,?,?,?,138.76 $,?,?,?,129.51 $,?,363.85 $,314.52 $,499.53 $,481.03 $,?,?,"1,295.07 $",?
Morocco,2.97 $,19.81 $,5.45 $,1.55 $,0.49 $,0.32 $,0.68 $,0.49 $,1.18 $,1.20 $,7.56 $,4.62 $,1.11 $,1.02 $,0.53 $,0.55 $,0.44 $,0.46 $,0.31 $,0.57 $,3.66 $,0.50 $,14.36 $,0.69 $,0.69 $,4.95 $,1.17 $,"23,274.38 $","21,349.43 $",39.24 $,0.13 $,33.90 $,21.23 $,18.95 $,5.45 $,94.87 $,"2,480.24 $",27.37 $,35.42 $,69.79 $,57.94 $,282.80 $,159.22 $,508.43 $,273.73 $,"1,376.40 $",690.69 $,392.72 $,5.06
Mozambique,10.96 $,45.42 $,4.85 $,1.88 $,0.92 $,0.74 $,1.59 $,1.07 $,1.45 $,2.10 $,17.54 $,4.65 $,2.05 $,0.92 $,1.53 $,1.47 $,0.86 $,1.10 $,1.41 $,0.72 $,2.35 $,0.35 $,12.69 $,3.92 $,3.92 $,15.66 $,1.13 $,"32,887.15 $","24,066.35 $",99.18 $,0.05 $,136.17 $,52.31 $,27.41 $,12.53 $,282.00 $,"4,429.52 $",24.53 $,57.16 $,57.42 $,78.30 $,871.39 $,292.27 $,"1,594.49 $",859.37 $,"3,170.10 $","1,549.92 $",222.71 $,23.75
Myanmar,2.00 $,20.00 $,5.00 $,2.10 $,0.57 $,0.32 $,1.49 $,1.00 $,1.32 $,1.51 $,10.26 $,4.70 $,2.08 $,0.82 $,2.09 $,1.27 $,1.20 $,1.27 $,1.38 $,0.55 $,1.50 $,0.20 $,10.82 $,1.50 $,1.00 $,4.00 $,0.72 $,"20,000.00 $","21,890.00 $",30.52 $,0.02 $,75.31 $,40.02 $,9.35 $,4.00 $,426.00 $,"8,883.33 $",46.52 $,39.52 $,87.29 $,91.44 $,657.74 $,342.65 $,"1,227.89 $",993.27 $,908.10 $,225.60 $,467.81 $,12.43
Namibia,10.14 $,36.89 $,5.53 $,1.76 $,0.91 $,0.91 $,1.19 $,0.68 $,1.44 $,1.90 $,7.60 $,4.68 $,1.96 $,1.78 $,1.54 $,1.41 $,1.49 $,1.07 $,1.47 $,0.95 $,2.89 $,0.77 $,24.59 $,0.88 $,0.86 $,4.94 $,1.04 $,"8,915.23 $","8,607.81 $",97.81 $,0.08 $,39.72 $,33.82 $,6.83 $,3.69 $,113.60 $,"3,607.08 $",46.65 $,22.57 $,69.76 $,56.30 $,349.85 $,295.15 $,679.40 $,611.00 $,604.60 $,471.38 $,773.68 $,11.25
Nauru,10.88 $,34.01 $,10.20 $,4.08 $,1.36 $,0.85 $,6.80 $,2.04 $,?,?,?,13.60 $,13.60 $,20.41 $,13.60 $,?,?,?,?,1.70 $,12.24 $,?,?,?,?,?,1.22 $,?,?,272.09 $,?,?,0.00 $,?,?,?,?,?,?,?,?,"1,700.56 $","1,700.56 $",?,?,?,?,612.20 $,?
Nepal,1.98 $,15.80 $,7.10 $,1.40 $,0.45 $,0.19 $,0.71 $,0.47 $,0.73 $,1.52 $,7.07 $,3.16 $,2.07 $,0.86 $,1.09 $,0.60 $,0.42 $,0.58 $,0.28 $,0.26 $,2.53 $,0.16 $,7.11 $,1.98 $,0.47 $,3.95 $,1.04 $,"31,609.46 $","44,904.03 $",23.43 $,0.02 $,13.96 $,25.78 $,7.29 $,3.16 $,65.89 $,"2,984.94 $",19.97 $,24.82 $,45.02 $,36.14 $,120.67 $,80.25 $,261.22 $,167.16 $,"1,685.41 $",694.36 $,194.92 $,11.86
Netherlands,15.29 $,66.27 $,9.18 $,3.04 $,2.61 $,2.16 $,1.02 $,1.95 $,1.95 $,1.93 $,11.34 $,8.14 $,2.70 $,1.32 $,1.41 $,2.60 $,1.02 $,0.91 $,0.78 $,0.68 $,8.16 $,3.26 $,91.76 $,4.08 $,2.40 $,30.59 $,2.16 $,"25,489.27 $","27,137.43 $",211.50 $,0.15 $,42.96 $,34.58 $,20.73 $,12.23 $,"1,581.66 $","7,338.40 $",81.01 $,37.23 $,88.43 $,114.06 $,"1,205.77 $",970.59 $,"1,912.01 $","1,521.18 $","5,560.29 $","3,971.06 $","3,217.68 $",1.98
New Caledonia,17.09 $,76.90 $,9.40 $,4.11 $,2.52 $,1.17 $,1.00 $,1.90 $,1.54 $,5.25 $,12.37 $,14.61 $,3.61 $,5.83 $,5.98 $,4.70 $,3.31 $,2.46 $,3.50 $,1.08 $,16.23 $,2.14 $,69.08 $,4.74 $,1.05 $,19.54 $,1.18 $,"25,985.07 $","25,916.80 $",212.58 $,0.29 $,49.13 $,56.25 $,5.13 $,10.51 $,683.52 $,"8,244.96 $",93.98 $,62.66 $,86.86 $,132.43 $,756.75 $,619.44 $,"1,352.80 $","1,167.68 $","4,328.96 $","4,086.88 $","2,136.00 $",2.52
New Zealand,13.57 $,69.11 $,8.64 $,3.14 $,2.19 $,1.85 $,1.75 $,1.87 $,1.90 $,4.10 $,8.56 $,8.44 $,2.59 $,1.97 $,2.86 $,3.17 $,1.94 $,1.66 $,2.38 $,1.05 $,22.15 $,2.07 $,93.26 $,2.19 $,1.85 $,37.02 $,1.75 $,"23,441.05 $","20,307.20 $",121.95 $,0.26 $,51.38 $,37.24 $,13.29 $,11.11 $,697.00 $,"10,436.35 $",66.00 $,38.58 $,90.53 $,108.53 $,"1,024.88 $",815.85 $,"1,701.08 $","1,380.18 $","4,977.31 $","3,595.42 $","2,675.03 $",4.08
Nicaragua,4.00 $,27.50 $,5.72 $,2.06 $,0.78 $,0.75 $,0.98 $,1.27 $,1.01 $,1.87 $,3.14 $,5.13 $,3.69 $,1.46 $,2.38 $,1.38 $,1.46 $,1.53 $,0.89 $,0.79 $,2.92 $,0.23 $,9.57 $,1.00 $,0.78 $,6.05 $,1.24 $,"16,000.00 $","24,500.00 $",62.06 $,0.33 $,59.22 $,27.66 $,18.80 $,5.93 $,150.73 $,"4,585.57 $",44.87 $,37.93 $,70.35 $,74.27 $,264.96 $,207.65 $,513.52 $,380.20 $,"1,043.34 $",584.25 $,287.61 $,12.84
Niger,3.89 $,28.55 $,9.25 $,2.33 $,1.22 $,0.60 $,2.18 $,0.39 $,0.76 $,2.14 $,15.54 $,10.89 $,2.85 $,1.11 $,1.09 $,1.01 $,0.78 $,0.47 $,0.39 $,1.11 $,2.33 $,0.39 $,11.66 $,0.54 $,0.54 $,155.43 $,0.87 $,0.00 $,"23,060.74 $",360.91 $,0.11 $,11.66 $,51.81 $,3.89 $,3.11 $,854.88 $,"3,497.23 $",27.20 $,27.20 $,34.97 $,27.20 $,341.90 $,287.98 $,313.55 $,416.67 $,"233,148.72 $","77,716.24 $",194.29 $,10.67
Nigeria,1.66 $,26.37 $,5.94 $,2.13 $,0.37 $,0.25 $,2.89 $,1.15 $,2.54 $,1.83 $,4.36 $,4.35 $,3.17 $,1.58 $,1.22 $,1.81 $,1.99 $,1.44 $,0.93 $,0.51 $,1.19 $,0.47 $,19.00 $,1.19 $,1.19 $,4.75 $,0.39 $,"14,901.59 $","24,985.82 $",21.81 $,0.04 $,47.61 $,31.18 $,7.28 $,5.94 $,95.42 $,"2,049.24 $",17.46 $,26.90 $,58.21 $,66.38 $,893.35 $,526.69 $,"2,812.77 $","1,246.70 $",955.34 $,491.44 $,161.85 $,17.38
Norfolk Island,20.41 $,68.02 $,?,3.06 $,2.04 $,1.22 $,3.36 $,2.59 $,2.04 $,?,9.86 $,19.05 $,?,?,?,4.08 $,4.08 $,4.08 $,?,?,9.18 $,?,?,?,?,?,1.60 $,?,?,136.05 $,?,61.22 $,?,?,10.20 $,?,?,?,?,54.42 $,54.42 $,544.18 $,129.24 $,816.27 $,816.27 $,?,?,"1,904.63 $",?
North Korea,4.18 $,20.49 $,3.44 $,1.54 $,?,1.98 $,0.26 $,0.55 $,4.41 $,1.56 $,?,6.61 $,2.20 $,2.20 $,2.20 $,2.20 $,2.20 $,2.20 $,1.00 $,0.30 $,18.76 $,?,?,2.00 $,0.50 $,?,1.26 $,"27,500.00 $","25,470.00 $",?,?,?,?,?,18.03 $,?,?,27.47 $,?,48.07 $,?,?,198.56 $,?,?,"4,722.00 $","6,448.50 $",?,?
North Macedonia,4.15 $,18.26 $,3.15 $,1.22 $,1.12 $,0.80 $,0.89 $,0.50 $,1.11 $,1.68 $,5.26 $,4.60 $,0.73 $,1.01 $,0.92 $,1.16 $,0.56 $,0.54 $,0.43 $,0.41 $,2.49 $,0.58 $,22.41 $,0.83 $,0.50 $,4.98 $,1.26 $,"18,376.40 $","18,404.20 $",106.52 $,0.10 $,15.20 $,18.92 $,9.44 $,4.15 $,131.82 $,"2,606.11 $",45.97 $,28.74 $,68.03 $,70.52 $,188.37 $,134.91 $,302.08 $,222.30 $,"1,124.04 $",849.36 $,389.72 $,4.92
Northern Mariana Islands,7.00 $,50.00 $,11.00 $,4.17 $,1.50 $,1.15 $,1.52 $,2.90 $,?,3.00 $,11.00 $,?,?,2.20 $,?,?,?,?,?,?,?,5.00 $,?,6.00 $,0.93 $,?,1.23 $,?,"21,000.00 $",200.90 $,100.00 $,111.25 $,61.00 $,?,8.00 $,259.67 $,"4,674.00 $",38.75 $,34.50 $,90.00 $,85.00 $,662.50 $,512.50 $,"1,350.00 $","1,000.00 $","1,800.00 $",?,"1,156.00 $",?
Norway,19.34 $,89.25 $,11.90 $,4.29 $,3.02 $,2.69 $,1.92 $,2.81 $,2.77 $,3.70 $,10.72 $,13.09 $,2.87 $,2.23 $,2.81 $,3.42 $,2.06 $,2.20 $,2.31 $,2.07 $,13.88 $,3.87 $,74.38 $,9.92 $,1.49 $,51.92 $,2.04 $,"34,213.87 $","32,963.03 $",194.40 $,0.12 $,51.73 $,40.96 $,30.14 $,13.39 $,322.12 $,"4,629.65 $",84.90 $,39.58 $,95.57 $,126.67 $,"1,057.78 $",829.19 $,"1,833.68 $","1,402.75 $","5,880.91 $","4,237.74 $","3,232.69 $",2.73
Oman,5.20 $,27.31 $,6.50 $,4.75 $,0.79 $,0.33 $,1.77 $,1.08 $,1.98 $,2.82 $,7.32 $,5.27 $,2.35 $,1.73 $,1.84 $,1.21 $,1.07 $,0.91 $,1.33 $,0.57 $,5.72 $,1.30 $,39.01 $,3.90 $,0.78 $,13.00 $,0.62 $,"19,505.65 $","19,473.14 $",80.46 $,0.14 $,78.02 $,58.77 $,23.01 $,9.10 $,170.49 $,"6,730.75 $",44.12 $,39.29 $,82.60 $,75.52 $,573.28 $,385.65 $,972.39 $,646.25 $,"1,773.57 $","1,186.63 $","1,610.73 $",4.83
Pakistan,1.45 $,10.41 $,3.62 $,1.41 $,0.23 $,0.17 $,0.63 $,0.44 $,0.81 $,0.92 $,4.87 $,2.30 $,0.94 $,0.54 $,0.68 $,0.48 $,0.27 $,0.27 $,0.26 $,0.31 $,1.16 $,0.19 $,6.30 $,0.72 $,0.19 $,1.45 $,0.73 $,"12,559.16 $","16,643.05 $",57.23 $,0.01 $,21.40 $,15.22 $,5.37 $,3.62 $,37.50 $,"1,065.35 $",13.15 $,21.10 $,44.63 $,31.96 $,102.43 $,69.10 $,245.83 $,159.68 $,576.30 $,320.22 $,168.11 $,12.60
Palau,?,?,?,?,?,?,3.50 $,?,?,?,?,?,?,?,?,?,?,?,?,?,?,?,?,?,?,?,1.47 $,?,?,?,0.20 $,60.00 $,30.00 $,?,?,150.00 $,"1,920.00 $",40.00 $,40.00 $,100.00 $,?,800.00 $,600.00 $,"1,000.00 $","1,000.00 $","8,490.56 $",788.80 $,?,?
Palestine,7.11 $,35.54 $,8.53 $,2.43 $,0.82 $,0.60 $,1.72 $,0.71 $,2.04 $,2.10 $,6.09 $,6.57 $,1.89 $,1.42 $,1.24 $,1.24 $,0.99 $,0.90 $,1.16 $,0.80 $,7.11 $,0.85 $,46.92 $,2.84 $,1.00 $,14.22 $,1.85 $,"36,963.66 $","39,049.96 $",93.40 $,0.15 $,46.80 $,44.70 $,16.94 $,8.53 $,154.37 $,"2,825.59 $",54.15 $,57.29 $,87.99 $,63.37 $,313.23 $,242.36 $,580.50 $,434.80 $,948.50 $,632.03 $,742.03 $,7.06
Panama,6.25 $,50.00 $,6.50 $,3.00 $,1.52 $,1.20 $,1.57 $,2.03 $,1.89 $,2.07 $,9.00 $,6.48 $,2.97 $,1.31 $,2.20 $,2.88 $,1.94 $,1.92 $,1.66 $,1.50 $,5.75 $,0.35 $,30.00 $,2.00 $,2.00 $,20.00 $,1.03 $,"23,250.00 $","19,379.41 $",86.05 $,0.16 $,43.96 $,36.61 $,29.17 $,5.25 $,335.50 $,"11,980.80 $",45.17 $,39.22 $,68.44 $,79.55 $,721.72 $,430.00 $,"1,291.94 $",819.90 $,"1,962.39 $","1,235.68 $",708.60 $,5.87
Papua New Guinea,8.38 $,43.29 $,8.38 $,2.87 $,1.08 $,0.98 $,1.74 $,1.52 $,1.50 $,3.65 $,6.14 $,6.18 $,3.32 $,2.37 $,3.91 $,2.86 $,2.79 $,2.76 $,3.77 $,1.22 $,6.98 $,0.56 $,37.65 $,5.59 $,1.68 $,13.97 $,1.17 $,"33,517.12 $","23,043.58 $",94.84 $,0.37 $,293.27 $,59.35 $,20.48 $,9.08 $,242.57 $,"5,199.81 $",36.31 $,32.90 $,73.55 $,102.79 $,"2,699.99 $",723.62 $,"2,560.34 $","1,163.79 $","7,053.86 $","18,155.11 $",248.27 $,15.17
Paraguay,4.38 $,21.89 $,4.82 $,1.69 $,0.89 $,0.53 $,0.83 $,0.73 $,0.86 $,1.68 $,5.55 $,3.71 $,1.61 $,1.03 $,1.02 $,1.52 $,1.03 $,0.79 $,0.55 $,0.60 $,1.75 $,0.51 $,26.27 $,0.73 $,1.46 $,7.30 $,1.12 $,"17,328.57 $","24,862.16 $",51.38 $,0.10 $,22.03 $,25.28 $,15.81 $,7.30 $,137.98 $,"2,940.38 $",48.88 $,35.51 $,75.37 $,63.19 $,310.95 $,204.18 $,647.82 $,431.72 $,"1,324.28 $",873.40 $,325.74 $,12.12
Peru,2.87 $,18.28 $,4.70 $,2.27 $,0.67 $,0.46 $,1.15 $,1.50 $,1.00 $,1.60 $,5.69 $,4.19 $,1.34 $,0.95 $,1.03 $,0.95 $,0.67 $,0.74 $,0.66 $,0.73 $,4.57 $,0.39 $,15.67 $,1.31 $,1.31 $,5.22 $,1.14 $,"17,971.49 $","19,943.98 $",56.65 $,0.13 $,30.89 $,32.35 $,12.16 $,4.70 $,150.19 $,"5,329.25 $",38.87 $,25.42 $,67.06 $,60.83 $,345.02 $,239.53 $,643.42 $,478.37 $,"1,641.63 $","1,187.18 $",380.93 $,9.28
Philippines,3.23 $,21.50 $,2.69 $,2.39 $,0.70 $,0.41 $,1.61 $,1.12 $,0.90 $,1.62 $,5.91 $,3.79 $,2.46 $,1.40 $,2.31 $,1.35 $,1.69 $,1.79 $,1.35 $,0.69 $,2.42 $,0.27 $,10.44 $,0.72 $,0.24 $,2.15 $,1.29 $,"21,504.99 $","19,820.16 $",102.61 $,0.14 $,39.21 $,33.75 $,5.12 $,4.48 $,170.81 $,"4,806.74 $",37.11 $,23.77 $,68.26 $,55.90 $,345.98 $,192.41 $,794.92 $,401.91 $,"2,179.92 $","1,196.80 $",284.73 $,7.57
Poland,6.38 $,31.92 $,5.32 $,2.36 $,1.18 $,1.04 $,0.62 $,0.80 $,0.87 $,2.16 $,5.62 $,4.05 $,0.77 $,1.07 $,1.21 $,2.20 $,0.57 $,0.68 $,0.81 $,0.45 $,3.83 $,0.85 $,21.28 $,1.70 $,0.54 $,8.51 $,1.37 $,"17,026.46 $","20,194.15 $",181.42 $,0.06 $,11.94 $,25.29 $,13.01 $,5.32 $,253.89 $,"5,020.58 $",63.17 $,30.09 $,61.11 $,69.61 $,504.47 $,425.15 $,789.68 $,649.85 $,"3,053.15 $","2,120.64 $",955.24 $,5.54
Portugal,8.16 $,35.68 $,6.63 $,1.45 $,1.37 $,0.99 $,0.66 $,1.10 $,1.00 $,1.89 $,7.20 $,5.25 $,1.63 $,1.13 $,1.27 $,1.59 $,0.96 $,1.10 $,0.96 $,0.54 $,5.10 $,1.63 $,40.78 $,3.31 $,0.82 $,15.29 $,2.07 $,"25,489.27 $","27,586.21 $",108.20 $,0.16 $,34.05 $,33.82 $,11.27 $,7.14 $,341.51 $,"7,030.91 $",76.32 $,29.79 $,68.71 $,77.32 $,711.15 $,563.84 $,"1,258.28 $",941.70 $,"2,965.48 $","2,037.51 $",963.28 $,2.12
Puerto Rico,12.00 $,60.00 $,7.50 $,2.95 $,1.33 $,1.17 $,1.72 $,2.51 $,2.09 $,2.88 $,7.44 $,8.69 $,5.78 $,2.13 $,3.70 $,4.33 $,3.14 $,2.61 $,2.49 $,1.61 $,10.00 $,1.50 $,43.48 $,5.00 $,1.40 $,25.00 $,0.93 $,"27,000.00 $","24,162.00 $",217.32 $,0.13 $,60.17 $,36.92 $,20.59 $,8.00 $,368.08 $,"7,542.86 $",44.62 $,45.42 $,80.82 $,93.76 $,798.17 $,478.45 $,"1,392.22 $",942.30 $,"1,691.77 $","1,347.75 $","1,810.94 $",4.77
Qatar,8.19 $,54.58 $,6.82 $,5.16 $,0.96 $,0.38 $,1.95 $,1.62 $,1.73 $,2.96 $,11.07 $,7.11 $,1.87 $,1.80 $,1.66 $,1.47 $,1.09 $,0.94 $,1.69 $,0.51 $,6.82 $,0.55 $,40.94 $,2.73 $,0.55 $,8.73 $,0.56 $,"19,103.24 $","20,041.16 $",109.41 $,0.23 $,90.58 $,115.29 $,33.28 $,12.28 $,745.53 $,"10,656.46 $",67.77 $,55.27 $,94.76 $,93.82 $,"1,770.54 $","1,130.27 $","3,278.74 $","2,221.66 $","5,360.79 $","4,144.72 $","3,420.06 $",3.87
Republic Of Congo,10.00 $,85.00 $,7.00 $,5.50 $,2.00 $,1.33 $,1.50 $,2.00 $,2.50 $,3.80 $,9.67 $,7.00 $,4.00 $,1.83 $,3.25 $,1.58 $,3.25 $,1.85 $,1.97 $,1.43 $,4.50 $,0.38 $,22.50 $,10.00 $,2.00 $,10.00 $,1.03 $,"22,500.00 $","19,666.67 $",125.00 $,0.27 $,200.00 $,113.33 $,10.00 $,4.00 $,350.00 $,"3,600.00 $",66.67 $,65.00 $,88.33 $,231.67 $,"1,625.00 $",783.33 $,"5,833.33 $",783.33 $,"6,800.00 $","6,000.00 $",600.00 $,16.00
Reunion,8.67 $,50.98 $,10.20 $,2.45 $,2.35 $,1.71 $,1.02 $,3.06 $,1.37 $,3.60 $,16.14 $,11.44 $,2.55 $,1.95 $,2.37 $,1.84 $,2.29 $,1.61 $,0.90 $,0.74 $,12.23 $,1.33 $,38.23 $,2.65 $,1.59 $,34.26 $,1.55 $,"24,469.70 $","26,763.73 $",98.39 $,?,52.73 $,36.96 $,15.29 $,10.20 $,25.49 $,?,95.16 $,35.68 $,123.62 $,96.86 $,607.49 $,535.27 $,951.60 $,798.66 $,"3,262.63 $","2,548.93 $","1,401.91 $",?
Romania,6.18 $,30.92 $,5.15 $,1.87 $,1.29 $,1.15 $,1.15 $,0.83 $,1.31 $,2.40 $,6.00 $,4.68 $,0.88 $,1.20 $,1.15 $,1.93 $,0.56 $,0.60 $,0.62 $,0.54 $,4.54 $,0.52 $,16.49 $,0.57 $,0.55 $,5.15 $,1.66 $,"16,543.37 $","20,195.91 $",120.99 $,0.05 $,7.96 $,36.20 $,13.65 $,6.18 $,356.31 $,"5,561.26 $",60.18 $,34.59 $,68.30 $,79.13 $,358.47 $,254.86 $,631.70 $,430.78 $,"1,844.96 $","1,303.93 $",709.11 $,5.85
Russia,10.83 $,46.67 $,6.67 $,2.69 $,1.12 $,0.61 $,1.29 $,0.78 $,1.80 $,1.87 $,11.95 $,5.52 $,2.01 $,1.65 $,1.95 $,3.41 $,1.07 $,0.84 $,1.41 $,0.78 $,3.17 $,0.60 $,37.42 $,2.00 $,0.27 $,6.00 $,0.86 $,"41,666.66 $","37,854.40 $",134.18 $,0.04 $,8.64 $,42.56 $,25.00 $,5.83 $,428.69 $,"7,439.27 $",91.42 $,56.26 $,112.54 $,127.89 $,580.36 $,418.22 $,"1,012.21 $",746.44 $,"3,725.47 $","2,300.86 $",899.15 $,10.77
Rwanda,2.42 $,30.59 $,7.74 $,2.50 $,0.70 $,0.49 $,0.58 $,1.07 $,1.10 $,1.38 $,3.73 $,4.99 $,3.06 $,1.15 $,1.63 $,0.91 $,0.32 $,0.89 $,0.73 $,0.71 $,1.69 $,0.44 $,13.54 $,2.90 $,1.21 $,9.67 $,1.08 $,"23,217.16 $","10,520.28 $",50.15 $,0.08 $,35.24 $,36.47 $,7.88 $,4.84 $,109.67 $,"1,711.61 $",20.56 $,28.98 $,33.11 $,50.12 $,399.73 $,235.80 $,"1,071.60 $",517.40 $,"3,222.84 $","27,522.01 $",367.97 $,17.57
Saint Helena,13.11 $,47.69 $,8.27 $,2.62 $,1.57 $,1.22 $,1.61 $,1.31 $,1.55 $,3.23 $,8.88 $,7.45 $,4.17 $,2.04 $,2.38 $,4.08 $,1.91 $,1.55 $,2.03 $,2.09 $,9.44 $,0.60 $,35.77 $,1.87 $,1.19 $,26.12 $,1.63 $,"25,848.56 $",?,119.22 $,1.19 $,96.57 $,5.96 $,0.00 $,12.38 $,357.66 $,"13,604.51 $",29.81 $,29.35 $,39.34 $,17.88 $,596.10 $,506.69 $,615.97 $,615.97 $,?,?,811.36 $,6.47
Saint Kitts And Nevis,12.95 $,92.51 $,9.50 $,?,2.07 $,1.04 $,3.06 $,4.07 $,2.96 $,5.33 $,11.01 $,10.44 $,2.22 $,?,1.85 $,3.59 $,1.11 $,1.57 $,3.45 $,1.84 $,5.55 $,1.30 $,?,3.70 $,?,?,2.10 $,?,?,101.76 $,0.33 $,53.65 $,92.51 $,?,?,124.88 $,?,37.00 $,?,?,?,805.27 $,610.01 $,"3,500.00 $","1,555.03 $",?,?,?,?
Saint Lucia,5.55 $,75.00 $,7.40 $,2.79 $,1.11 $,0.94 $,2.78 $,0.93 $,1.90 $,2.94 $,9.88 $,11.02 $,7.41 $,2.36 $,3.93 $,6.06 $,5.47 $,2.22 $,1.59 $,1.17 $,6.11 $,0.93 $,?,7.40 $,?,18.50 $,1.44 $,"28,676.62 $","10,175.57 $",68.08 $,0.37 $,93.52 $,40.39 $,37.00 $,7.59 $,169.59 $,"5,180.29 $",56.89 $,74.00 $,96.21 $,97.13 $,491.47 $,305.27 $,893.79 $,635.20 $,111.01 $,111.01 $,976.86 $,7.33
Saint Vincent And The Grenadines,7.40 $,64.75 $,9.25 $,1.85 $,1.85 $,1.94 $,1.92 $,1.72 $,1.96 $,3.60 $,13.32 $,6.27 $,10.09 $,1.41 $,8.87 $,4.89 $,4.21 $,2.66 $,2.22 $,3.33 $,5.18 $,0.93 $,44.40 $,14.80 $,?,37.00 $,3.67 $,"24,051.36 $","12,950.73 $",59.20 $,0.52 $,48.10 $,24.98 $,11.10 $,5.55 $,138.76 $,"1,933.36 $",83.25 $,71.23 $,101.76 $,111.01 $,333.02 $,218.31 $,841.80 $,527.28 $,"1,593.15 $",796.57 $,863.38 $,12.75
Samoa,5.22 $,33.55 $,10.32 $,3.73 $,1.43 $,1.15 $,1.12 $,1.23 $,1.12 $,2.76 $,16.43 $,5.97 $,2.47 $,2.47 $,2.47 $,9.33 $,1.71 $,1.86 $,?,1.49 $,5.59 $,2.24 $,?,1.86 $,1.39 $,?,1.04 $,?,?,559.11 $,?,111.45 $,50.32 $,6.54 $,5.59 $,77.65 $,"2,236.43 $",50.00 $,49.82 $,75.00 $,100.00 $,862.14 $,261.22 $,854.56 $,585.46 $,"17,478.33 $","17,478.33 $",600.00 $,?
San Marino,15.29 $,59.66 $,6.96 $,1.40 $,2.18 $,1.26 $,1.06 $,1.77 $,1.12 $,2.68 $,10.54 $,7.62 $,2.42 $,2.86 $,2.69 $,2.69 $,1.19 $,1.72 $,1.53 $,0.78 $,5.10 $,2.04 $,50.98 $,?,2.04 $,?,1.43 $,"21,920.77 $","22,430.55 $",78.30 $,0.20 $,35.68 $,71.37 $,?,8.16 $,333.06 $,"5,097.85 $",88.36 $,32.29 $,91.76 $,132.54 $,560.76 $,475.80 $,577.76 $,560.76 $,"2,956.75 $","2,769.83 $","2,334.82 $",3.85
Sao Tome And Principe,15.29 $,40.78 $,6.63 $,1.02 $,1.43 $,1.02 $,0.92 $,0.92 $,1.02 $,3.21 $,?,10.20 $,3.06 $,0.61 $,3.87 $,1.22 $,1.63 $,2.45 $,0.61 $,0.41 $,?,?,?,5.10 $,?,20.39 $,0.99 $,?,"20,391.41 $",183.52 $,0.08 $,99.92 $,8.50 $,?,?,112.15 $,?,?,?,25.49 $,?,203.91 $,152.94 $,509.79 $,407.83 $,?,213.16 $,127.45 $,?
Saudi Arabia,6.66 $,42.62 $,6.66 $,3.76 $,0.74 $,0.25 $,1.58 $,0.82 $,2.08 $,2.36 $,6.67 $,6.99 $,2.05 $,1.56 $,1.60 $,1.73 $,1.12 $,1.04 $,1.33 $,0.60 $,7.46 $,1.07 $,29.30 $,2.66 $,1.33 $,11.99 $,0.61 $,"22,642.16 $","20,213.28 $",102.33 $,0.13 $,71.59 $,93.48 $,33.71 $,17.31 $,298.26 $,"6,083.97 $",42.29 $,56.58 $,95.52 $,85.68 $,404.77 $,288.00 $,680.44 $,516.61 $,"1,240.97 $",887.90 $,"1,858.80 $",4.19
Senegal,7.77 $,38.86 $,7.77 $,2.75 $,0.91 $,0.60 $,1.74 $,0.28 $,0.84 $,1.92 $,10.10 $,9.93 $,1.94 $,1.23 $,1.64 $,1.06 $,0.93 $,0.79 $,1.09 $,0.82 $,1.24 $,0.39 $,16.89 $,2.33 $,1.55 $,10.10 $,1.26 $,"25,646.36 $","25,387.30 $",96.07 $,0.15 $,49.70 $,66.58 $,7.77 $,6.22 $,129.53 $,"9,153.59 $",47.10 $,28.50 $,78.58 $,86.27 $,688.44 $,545.31 $,"1,265.66 $",913.17 $,"12,303.15 $","11,689.61 $",466.30 $,9.33
Serbia,6.08 $,26.06 $,5.21 $,1.45 $,1.25 $,0.88 $,0.88 $,0.48 $,1.36 $,1.75 $,5.40 $,5.25 $,0.81 $,1.15 $,1.13 $,1.40 $,0.68 $,0.49 $,0.46 $,0.48 $,3.13 $,0.78 $,27.79 $,1.48 $,0.61 $,4.34 $,1.49 $,"21,712.90 $","18,989.39 $",130.73 $,0.10 $,19.14 $,25.24 $,7.99 $,4.34 $,190.55 $,"4,746.51 $",55.33 $,27.32 $,78.87 $,81.34 $,276.73 $,188.79 $,477.61 $,323.23 $,"1,983.59 $","1,282.10 $",551.28 $,3.83
Seychelles,14.47 $,62.64 $,6.41 $,4.54 $,1.94 $,1.65 $,1.60 $,1.29 $,2.14 $,2.51 $,24.79 $,4.98 $,2.78 $,2.61 $,1.10 $,4.82 $,0.97 $,0.97 $,0.97 $,1.02 $,10.76 $,0.48 $,22.31 $,4.89 $,3.28 $,17.61 $,1.23 $,"23,338.68 $","36,497.84 $",70.46 $,0.24 $,130.00 $,65.58 $,20.39 $,4.99 $,339.86 $,"3,049.18 $",58.02 $,57.70 $,86.89 $,59.03 $,936.91 $,649.64 $,"1,838.71 $","1,177.14 $","1,136.40 $","1,286.36 $",605.43 $,19.33
Sierra Leone,4.31 $,30.00 $,8.95 $,1.50 $,0.95 $,0.89 $,2.75 $,0.84 $,0.91 $,1.91 $,?,4.71 $,2.78 $,0.81 $,0.86 $,2.76 $,1.97 $,1.35 $,0.70 $,1.28 $,0.94 $,0.15 $,?,1.16 $,1.08 $,6.45 $,1.00 $,?,?,165.64 $,0.06 $,100.00 $,67.19 $,4.43 $,6.08 $,49.04 $,"5,884.63 $",?,11.77 $,?,?,690.78 $,101.90 $,814.23 $,203.81 $,"1,076.39 $","1,076.39 $","1,544.66 $",?
Singapore,9.61 $,56.95 $,5.70 $,4.02 $,1.34 $,0.98 $,2.24 $,1.81 $,2.21 $,2.57 $,18.13 $,7.34 $,3.31 $,2.32 $,3.38 $,2.53 $,2.02 $,2.01 $,1.61 $,1.31 $,10.18 $,1.42 $,88.99 $,2.85 $,0.71 $,14.24 $,1.96 $,"99,667.40 $","89,206.99 $",122.32 $,0.15 $,31.03 $,85.86 $,11.32 $,9.61 $,883.82 $,"22,085.81 $",66.73 $,40.91 $,98.64 $,110.22 $,"2,207.59 $","1,589.38 $","4,371.40 $","2,697.96 $","19,566.57 $","9,240.91 $","4,292.40 $",2.12
Sint Maarten,20.00 $,120.00 $,8.00 $,4.24 $,2.27 $,2.87 $,2.97 $,1.89 $,2.20 $,2.67 $,8.78 $,8.12 $,4.01 $,2.75 $,3.81 $,3.13 $,2.89 $,2.68 $,2.32 $,1.66 $,20.00 $,1.75 $,46.25 $,10.00 $,5.39 $,5.78 $,1.20 $,"20,000.00 $","25,375.00 $",240.71 $,0.55 $,124.67 $,66.10 $,29.38 $,8.75 $,492.20 $,"10,333.33 $",58.59 $,36.75 $,72.66 $,79.85 $,"1,041.82 $",735.95 $,"2,775.00 $","1,975.00 $","2,516.67 $","1,600.00 $","1,904.72 $",6.12
Slovakia,6.12 $,30.59 $,6.12 $,2.10 $,1.55 $,1.25 $,0.77 $,0.95 $,1.32 $,2.23 $,8.80 $,5.59 $,1.47 $,1.56 $,1.70 $,3.26 $,0.87 $,0.81 $,1.09 $,0.62 $,4.33 $,0.92 $,25.49 $,3.01 $,1.02 $,10.40 $,1.56 $,"18,352.27 $","19,009.57 $",183.32 $,0.05 $,17.22 $,30.87 $,11.36 $,7.14 $,394.81 $,"7,850.69 $",53.52 $,31.31 $,65.43 $,74.92 $,497.96 $,400.29 $,782.51 $,634.00 $,"2,594.07 $","1,976.53 $",951.53 $,1.49
Slovenia,9.18 $,39.76 $,6.12 $,1.63 $,2.09 $,1.50 $,1.00 $,1.27 $,1.63 $,2.43 $,10.94 $,7.62 $,1.75 $,1.34 $,1.74 $,2.65 $,0.99 $,1.17 $,1.33 $,0.69 $,4.49 $,1.33 $,30.59 $,1.53 $,1.02 $,18.35 $,1.45 $,"20,391.41 $","19,547.72 $",210.37 $,0.08 $,33.89 $,39.95 $,14.89 $,7.14 $,404.55 $,"8,700.34 $",67.62 $,31.88 $,74.46 $,88.66 $,500.01 $,400.66 $,941.55 $,730.56 $,"3,170.09 $","2,309.20 $","1,171.24 $",2.52
Solomon Islands,5.83 $,61.39 $,14.73 $,4.09 $,2.76 $,1.23 $,2.52 $,1.53 $,0.98 $,4.79 $,17.56 $,9.58 $,4.46 $,1.23 $,6.14 $,4.06 $,4.54 $,3.01 $,0.61 $,1.64 $,3.93 $,0.37 $,?,?,1.23 $,13.51 $,1.07 $,?,?,?,0.16 $,"491,100.04 $",92.08 $,?,?,?,"6,580.74 $",7.98 $,7.37 $,67.53 $,?,470.64 $,581.14 $,"1,810.93 $","2,046.25 $",?,?,521.79 $,12.00
Somalia,2.25 $,19.00 $,5.00 $,1.04 $,0.58 $,0.42 $,1.36 $,0.75 $,1.22 $,2.17 $,5.09 $,4.21 $,3.54 $,1.38 $,2.71 $,0.99 $,1.01 $,0.90 $,0.75 $,0.71 $,1.20 $,0.30 $,35.00 $,1.75 $,0.90 $,10.00 $,0.94 $,"8,000.00 $","6,633.33 $",74.09 $,0.07 $,31.92 $,23.93 $,7.60 $,4.00 $,51.67 $,867.14 $,15.40 $,21.00 $,20.89 $,32.78 $,163.46 $,75.33 $,391.58 $,210.62 $,"43,852.00 $","34,458.33 $",368.46 $,8.24
South Africa,8.96 $,35.84 $,4.18 $,1.77 $,0.93 $,0.71 $,0.98 $,0.88 $,1.37 $,1.83 $,6.73 $,4.43 $,1.44 $,1.34 $,1.41 $,1.37 $,1.13 $,1.06 $,0.99 $,0.93 $,2.99 $,1.55 $,35.84 $,1.19 $,0.73 $,3.49 $,1.25 $,"20,308.06 $","21,917.88 $",102.56 $,0.11 $,50.03 $,33.78 $,7.21 $,5.97 $,189.39 $,"4,369.64 $",46.83 $,30.32 $,83.92 $,75.68 $,465.64 $,383.98 $,852.50 $,766.46 $,980.21 $,729.72 $,"1,311.94 $",8.38
South Korea,6.11 $,38.21 $,5.35 $,3.54 $,1.35 $,0.69 $,1.97 $,2.42 $,3.51 $,2.89 $,12.96 $,8.78 $,6.11 $,3.32 $,5.15 $,5.34 $,3.44 $,2.54 $,2.09 $,1.02 $,3.44 $,0.99 $,42.03 $,2.67 $,0.69 $,9.17 $,1.32 $,"26,363.76 $","23,647.41 $",137.33 $,0.13 $,20.92 $,46.14 $,17.47 $,9.17 $,359.14 $,"20,344.98 $",54.81 $,38.45 $,71.29 $,100.54 $,480.47 $,335.93 $,"1,127.97 $",794.25 $,"14,802.10 $","8,290.90 $","2,169.32 $",3.48
South Sudan,7.50 $,30.00 $,6.00 $,1.50 $,1.00 $,1.00 $,1.38 $,2.00 $,2.25 $,3.63 $,?,2.50 $,6.50 $,3.00 $,2.00 $,3.00 $,2.50 $,3.00 $,1.00 $,0.92 $,?,1.50 $,60.00 $,6.00 $,0.75 $,?,1.38 $,"10,000.00 $","12,000.00 $",?,0.03 $,100.00 $,225.00 $,5.00 $,?,833.33 $,"8,000.00 $",30.00 $,15.00 $,35.00 $,32.50 $,"2,350.00 $","1,700.00 $","7,800.50 $","1,650.00 $","4,305.56 $",?,750.00 $,?
Spain,11.22 $,50.98 $,8.16 $,1.71 $,1.84 $,1.24 $,0.82 $,1.03 $,1.19 $,2.05 $,10.41 $,6.35 $,1.82 $,1.64 $,1.48 $,1.72 $,1.19 $,1.29 $,0.97 $,0.65 $,5.10 $,1.43 $,40.78 $,3.57 $,1.11 $,20.39 $,1.63 $,"21,410.98 $","22,267.62 $",124.12 $,0.17 $,37.68 $,37.99 $,11.87 $,8.16 $,367.02 $,"7,285.39 $",73.41 $,29.33 $,69.16 $,86.22 $,754.61 $,615.62 $,"1,265.01 $",946.86 $,"3,188.91 $","1,937.90 $","1,708.82 $",2.29
Sri Lanka,1.26 $,9.73 $,3.34 $,1.27 $,0.32 $,0.16 $,1.01 $,0.40 $,0.59 $,1.16 $,6.17 $,2.89 $,2.51 $,0.57 $,1.99 $,0.97 $,0.79 $,0.68 $,0.69 $,0.33 $,4.45 $,0.14 $,3.34 $,0.25 $,0.21 $,0.33 $,0.80 $,"25,024.67 $","28,771.05 $",24.89 $,0.01 $,9.52 $,9.07 $,3.36 $,2.36 $,30.59 $,526.40 $,20.62 $,12.05 $,42.14 $,23.31 $,205.09 $,84.03 $,467.94 $,191.53 $,"1,555.67 $",904.72 $,138.65 $,13.78
Sudan,3.00 $,10.50 $,5.10 $,1.83 $,0.46 $,0.19 $,1.51 $,0.93 $,1.92 $,2.01 $,4.58 $,5.84 $,11.84 $,0.75 $,1.77 $,2.38 $,1.41 $,1.24 $,0.97 $,0.50 $,1.83 $,0.34 $,35.00 $,2.00 $,0.90 $,6.00 $,0.88 $,"33,000.00 $","25,030.01 $",30.73 $,0.04 $,95.63 $,20.25 $,11.96 $,1.67 $,68.09 $,"2,128.43 $",17.67 $,70.57 $,48.87 $,37.97 $,348.03 $,190.12 $,634.17 $,309.64 $,"1,126.67 $",633.34 $,119.59 $,17.00
Suriname,4.86 $,90.00 $,6.15 $,1.47 $,0.85 $,0.68 $,1.14 $,1.20 $,1.01 $,2.11 $,10.75 $,4.02 $,3.28 $,1.63 $,2.29 $,2.52 $,0.92 $,1.02 $,1.96 $,0.70 $,4.67 $,0.50 $,?,1.47 $,1.17 $,?,0.80 $,"27,500.00 $",?,72.33 $,0.32 $,18.03 $,10.65 $,9.68 $,2.34 $,81.67 $,?,46.70 $,47.56 $,95.00 $,125.39 $,350.57 $,280.55 $,836.54 $,561.86 $,700.31 $,457.74 $,207.00 $,14.92
Swaziland,1.19 $,12.02 $,2.45 $,1.26 $,0.95 $,0.82 $,1.32 $,0.68 $,1.18 $,1.14 $,8.14 $,4.68 $,1.66 $,0.50 $,0.54 $,0.98 $,0.70 $,0.86 $,0.38 $,0.70 $,1.52 $,1.25 $,31.36 $,2.99 $,2.99 $,3.58 $,0.96 $,"16,040.98 $","25,606.05 $",122.45 $,0.15 $,70.89 $,28.37 $,6.57 $,2.99 $,175.15 $,"3,556.78 $",47.20 $,29.86 $,100.04 $,108.92 $,501.02 $,281.36 $,664.55 $,453.05 $,238.20 $,208.33 $,816.30 $,9.08
Sweden,10.44 $,75.92 $,8.07 $,3.72 $,1.88 $,1.70 $,1.14 $,2.22 $,2.39 $,2.88 $,8.37 $,8.65 $,2.58 $,2.12 $,2.35 $,3.13 $,1.19 $,1.16 $,1.85 $,1.43 $,6.45 $,3.23 $,85.41 $,4.93 $,1.90 $,51.15 $,1.91 $,"22,729.11 $","21,590.28 $",77.41 $,0.12 $,29.12 $,33.49 $,22.53 $,12.81 $,128.15 $,"1,292.05 $",81.64 $,33.75 $,84.14 $,115.49 $,863.67 $,638.61 $,"1,373.12 $",974.81 $,"5,970.54 $","3,631.56 $","2,577.94 $",2.15
Switzerland,25.73 $,102.94 $,15.44 $,4.86 $,4.28 $,3.91 $,1.70 $,3.07 $,2.89 $,5.91 $,24.86 $,25.08 $,3.85 $,2.78 $,3.18 $,4.18 $,2.51 $,2.36 $,2.30 $,1.21 $,8.85 $,3.71 $,82.35 $,6.69 $,3.91 $,71.03 $,1.91 $,"30,881.51 $","33,333.84 $",219.29 $,0.23 $,55.85 $,80.26 $,36.11 $,19.56 $,"2,378.58 $","27,210.04 $",105.71 $,50.64 $,115.93 $,156.12 $,"1,671.38 $","1,314.77 $","3,058.11 $","2,364.49 $","12,541.95 $","8,636.01 $","5,966.75 $",1.46
Syria,4.00 $,17.57 $,4.00 $,0.80 $,0.57 $,0.32 $,0.75 $,0.59 $,1.15 $,1.46 $,3.79 $,4.01 $,0.82 $,1.55 $,0.54 $,0.60 $,0.47 $,0.43 $,0.32 $,0.52 $,2.00 $,0.10 $,14.23 $,0.63 $,1.00 $,4.00 $,0.87 $,"30,000.00 $","29,903.26 $",27.87 $,0.02 $,42.75 $,11.68 $,5.35 $,3.00 $,65.59 $,"2,042.47 $",19.58 $,23.79 $,79.65 $,46.60 $,149.00 $,99.98 $,314.82 $,178.40 $,"1,335.53 $",646.95 $,56.12 $,11.06
Taiwan,3.69 $,29.84 $,5.03 $,2.82 $,0.99 $,0.71 $,3.15 $,1.96 $,2.95 $,2.77 $,15.37 $,7.96 $,3.98 $,2.03 $,2.66 $,3.30 $,2.55 $,2.27 $,1.91 $,1.15 $,4.02 $,0.84 $,42.91 $,2.85 $,0.80 $,7.54 $,1.02 $,"33,522.74 $","25,598.80 $",76.17 $,0.18 $,25.53 $,39.14 $,11.75 $,10.06 $,535.28 $,"12,579.41 $",79.79 $,33.97 $,84.46 $,118.58 $,463.77 $,311.44 $,"1,069.71 $",730.16 $,"6,843.39 $","4,357.58 $","1,419.54 $",1.77
Tajikistan,3.81 $,11.44 $,4.77 $,1.30 $,0.80 $,0.29 $,0.65 $,0.51 $,1.41 $,1.32 $,5.48 $,3.52 $,1.26 $,2.02 $,2.92 $,1.80 $,0.42 $,0.22 $,0.35 $,0.37 $,1.43 $,0.24 $,8.58 $,0.95 $,0.27 $,1.72 $,0.90 $,"14,197.22 $","17,127.35 $",35.39 $,0.03 $,13.67 $,41.31 $,20.66 $,4.53 $,34.96 $,"1,144.10 $",34.30 $,23.43 $,39.66 $,45.42 $,281.53 $,137.03 $,492.48 $,240.60 $,725.54 $,299.37 $,147.02 $,15.75
Tanzania,2.36 $,25.73 $,6.43 $,1.89 $,0.55 $,0.29 $,1.15 $,0.63 $,0.89 $,2.02 $,9.91 $,4.41 $,2.49 $,0.95 $,0.90 $,1.01 $,0.75 $,1.00 $,0.58 $,0.46 $,1.72 $,0.21 $,8.58 $,1.72 $,1.29 $,3.43 $,1.08 $,"17,152.66 $","5,360.21 $",62.32 $,0.02 $,51.57 $,43.03 $,8.88 $,4.29 $,272.26 $,"5,650.50 $",15.19 $,36.45 $,67.05 $,54.76 $,276.04 $,255.44 $,588.97 $,568.12 $,"4,440.33 $","3,485.34 $",228.34 $,18.68
Thailand,1.94 $,22.15 $,5.54 $,1.74 $,0.55 $,0.27 $,1.56 $,1.25 $,1.10 $,1.56 $,14.38 $,2.12 $,2.43 $,1.18 $,1.70 $,1.24 $,1.21 $,0.99 $,0.93 $,0.46 $,3.88 $,0.83 $,28.13 $,0.97 $,0.97 $,4.15 $,1.20 $,"33,229.49 $","23,494.88 $",57.80 $,0.04 $,17.47 $,43.47 $,8.52 $,5.54 $,327.80 $,"10,678.06 $",45.36 $,27.58 $,79.25 $,69.51 $,365.62 $,198.46 $,991.63 $,537.42 $,"2,802.77 $","1,556.12 $",505.68 $,5.26
Timor-Leste,5.00 $,40.00 $,6.00 $,3.17 $,1.67 $,0.92 $,1.82 $,1.98 $,2.94 $,2.40 $,5.50 $,8.50 $,5.00 $,2.12 $,3.67 $,2.25 $,1.00 $,2.33 $,0.83 $,0.53 $,1.62 $,0.25 $,60.00 $,3.00 $,3.00 $,15.00 $,0.96 $,"18,000.00 $","25,000.00 $",112.50 $,0.11 $,82.50 $,64.00 $,11.25 $,6.50 $,333.33 $,"18,666.67 $",61.67 $,37.50 $,76.25 $,63.75 $,680.00 $,512.50 $,"2,450.00 $","1,500.00 $","4,666.67 $","2,500.00 $","4,375.00 $",2.50
Togo,3.11 $,27.29 $,7.77 $,3.99 $,2.33 $,1.24 $,1.83 $,0.68 $,1.40 $,1.64 $,6.94 $,5.63 $,1.81 $,1.75 $,3.63 $,3.13 $,2.59 $,3.83 $,0.57 $,0.89 $,1.55 $,0.90 $,46.63 $,0.20 $,0.31 $,4.25 $,0.83 $,"7,383.04 $","3,108.65 $",133.41 $,0.16 $,57.41 $,30.05 $,7.77 $,7.77 $,101.03 $,"5,458.79 $",16.37 $,25.91 $,28.41 $,77.72 $,143.56 $,91.32 $,505.16 $,330.29 $,"1,126.89 $",411.90 $,518.11 $,8.00
Tonga,30.00 $,61.50 $,10.60 $,2.25 $,1.72 $,1.62 $,1.57 $,0.88 $,0.85 $,2.54 $,2.12 $,1.91 $,2.69 $,1.27 $,2.69 $,2.69 $,2.26 $,2.12 $,1.70 $,0.85 $,6.79 $,0.85 $,?,?,?,?,0.97 $,?,?,?,?,?,31.81 $,?,?,84.82 $,?,?,?,?,?,636.18 $,369.65 $,?,?,?,?,968.59 $,?
Trinidad And Tobago,8.10 $,73.66 $,6.63 $,3.23 $,0.96 $,0.76 $,1.94 $,2.03 $,2.39 $,3.43 $,6.86 $,6.56 $,4.58 $,1.94 $,2.93 $,3.48 $,1.30 $,1.36 $,1.43 $,1.16 $,5.60 $,0.96 $,44.83 $,0.88 $,0.74 $,1.77 $,0.82 $,"32,496.03 $","33,056.39 $",50.23 $,0.20 $,48.99 $,46.65 $,9.63 $,7.37 $,170.79 $,"7,664.82 $",56.34 $,39.18 $,101.82 $,76.33 $,464.80 $,338.08 $,893.30 $,670.07 $,"1,357.20 $","1,262.88 $",813.98 $,5.74
Tunisia,2.26 $,16.15 $,3.23 $,0.71 $,0.48 $,0.22 $,0.42 $,0.13 $,0.74 $,1.00 $,7.88 $,3.76 $,1.30 $,1.58 $,0.69 $,0.54 $,0.48 $,0.44 $,0.29 $,0.24 $,2.75 $,0.24 $,9.69 $,0.17 $,0.32 $,3.88 $,0.69 $,"25,836.57 $","25,111.86 $",36.42 $,0.07 $,18.30 $,22.32 $,8.03 $,3.88 $,56.25 $,"2,208.01 $",39.97 $,39.80 $,80.77 $,52.74 $,175.97 $,123.21 $,298.22 $,219.69 $,733.72 $,520.45 $,281.12 $,9.95
Turkey,3.19 $,15.07 $,3.48 $,1.46 $,0.59 $,0.21 $,0.77 $,0.40 $,1.16 $,1.37 $,4.89 $,3.74 $,0.69 $,1.23 $,0.62 $,1.06 $,0.51 $,0.33 $,0.67 $,0.26 $,1.62 $,0.41 $,24.93 $,0.58 $,0.41 $,3.09 $,1.35 $,"36,056.35 $","29,202.37 $",62.21 $,0.08 $,8.50 $,17.77 $,11.79 $,2.61 $,171.18 $,"4,003.56 $",32.82 $,25.70 $,60.61 $,41.80 $,241.29 $,146.69 $,427.85 $,268.34 $,934.27 $,571.58 $,314.69 $,20.16
Turkmenistan,28.56 $,114.23 $,8.57 $,5.43 $,4.95 $,0.63 $,3.52 $,0.86 $,6.08 $,5.30 $,16.92 $,13.14 $,2.79 $,5.03 $,10.32 $,3.11 $,2.57 $,1.57 $,1.43 $,1.14 $,42.84 $,0.14 $,8.57 $,1.43 $,0.86 $,8.57 $,0.43 $,"20,632.36 $","20,722.35 $","1,066.12 $",0.03 $,339.11 $,53.31 $,25.70 $,14.28 $,22.85 $,"35,185.28 $",124.94 $,124.22 $,306.99 $,242.73 $,492.61 $,299.85 $,"1,056.61 $",806.73 $,"3,276.90 $","2,405.92 $",542.10 $,8.00
Turks And Caicos Islands,32.50 $,150.00 $,15.00 $,5.56 $,2.50 $,1.40 $,3.94 $,5.12 $,6.77 $,3.00 $,28.23 $,14.50 $,4.15 $,3.31 $,4.15 $,4.76 $,4.76 $,2.60 $,5.17 $,2.56 $,6.00 $,5.00 $,20.00 $,20.00 $,?,60.00 $,1.44 $,"27,500.00 $","22,500.00 $",333.33 $,?,106.00 $,91.67 $,?,?,766.67 $,"9,450.00 $",80.00 $,80.00 $,100.00 $,100.00 $,"1,200.00 $","1,300.00 $","2,375.00 $","3,375.00 $","1,345.49 $","2,826.39 $","3,805.56 $",6.00
Tuvalu,3.40 $,10.20 $,?,1.01 $,1.73 $,1.31 $,1.35 $,1.11 $,0.81 $,3.36 $,5.89 $,7.69 $,0.84 $,0.93 $,1.04 $,1.57 $,0.54 $,0.49 $,?,?,?,?,?,?,?,?,?,?,?,?,?,?,?,?,?,?,?,?,?,?,?,111.34 $,90.23 $,147.33 $,103.49 $,772.27 $,453.38 $,"3,430.86 $",?
Uganda,2.69 $,23.96 $,7.13 $,2.49 $,0.43 $,0.29 $,0.68 $,1.08 $,1.08 $,1.56 $,5.17 $,4.72 $,2.76 $,1.18 $,1.60 $,1.10 $,1.01 $,0.99 $,1.11 $,0.55 $,2.42 $,0.94 $,30.78 $,1.08 $,0.54 $,2.69 $,1.20 $,"10,768.31 $","7,931.80 $",47.38 $,0.10 $,65.37 $,53.84 $,11.18 $,5.38 $,150.51 $,"5,389.39 $",16.91 $,23.03 $,52.18 $,57.82 $,266.04 $,121.94 $,847.21 $,296.13 $,"1,335.00 $","2,599.56 $",155.30 $,21.07
Ukraine,6.77 $,25.39 $,4.40 $,1.30 $,0.62 $,0.45 $,1.01 $,0.69 $,1.35 $,1.39 $,7.58 $,4.20 $,0.64 $,1.11 $,1.29 $,1.96 $,0.45 $,0.51 $,0.97 $,0.53 $,2.34 $,0.34 $,10.16 $,1.69 $,0.27 $,3.39 $,1.13 $,"21,156.46 $","20,142.27 $",102.36 $,0.04 $,5.68 $,22.45 $,10.49 $,4.06 $,257.37 $,"4,870.57 $",53.47 $,37.68 $,82.05 $,91.34 $,407.26 $,270.30 $,691.68 $,436.33 $,"1,348.57 $",838.80 $,483.23 $,14.74
United Arab Emirates,8.17 $,49.19 $,7.62 $,4.92 $,0.97 $,0.50 $,1.77 $,1.26 $,2.18 $,2.86 $,8.79 $,7.39 $,2.11 $,1.71 $,1.71 $,1.35 $,1.03 $,0.91 $,1.51 $,0.60 $,5.99 $,1.36 $,73.51 $,3.27 $,0.68 $,8.17 $,0.94 $,"24,502.46 $","20,997.28 $",150.16 $,0.15 $,101.04 $,72.24 $,30.98 $,11.43 $,603.06 $,"8,101.45 $",55.65 $,52.66 $,84.57 $,93.12 $,"1,578.31 $",921.51 $,"2,174.38 $","1,605.19 $","2,447.34 $","1,769.08 $","3,596.39 $",3.66
United Kingdom,16.69 $,59.61 $,7.15 $,3.41 $,1.67 $,1.21 $,1.13 $,1.18 $,1.61 $,2.38 $,6.77 $,6.56 $,2.23 $,1.31 $,2.06 $,2.34 $,1.29 $,1.16 $,0.83 $,1.16 $,14.31 $,2.98 $,77.75 $,3.58 $,1.48 $,20.74 $,1.84 $,"25,036.36 $","25,714.19 $",202.14 $,0.14 $,36.17 $,36.53 $,12.33 $,11.92 $,"1,155.93 $","15,639.53 $",72.27 $,35.47 $,76.10 $,75.90 $,"1,039.25 $",779.97 $,"1,932.07 $","1,398.88 $","4,875.68 $","3,700.56 $","2,683.43 $",3.07
United States,15.00 $,65.00 $,8.00 $,4.49 $,2.03 $,1.61 $,0.91 $,2.89 $,4.03 $,3.05 $,11.34 $,10.59 $,4.71 $,1.59 $,4.09 $,4.38 $,2.64 $,2.65 $,1.73 $,1.86 $,8.50 $,2.50 $,70.00 $,3.25 $,1.62 $,30.00 $,1.22 $,"24,000.00 $","22,501.60 $",172.65 $,0.15 $,67.88 $,37.38 $,17.31 $,12.00 $,"1,035.50 $","15,870.45 $",44.82 $,35.64 $,77.84 $,98.89 $,"1,671.83 $","1,239.06 $","2,751.36 $","2,162.61 $","4,512.47 $","2,252.43 $","3,694.35 $",5.38
Uruguay,15.00 $,48.77 $,10.00 $,3.61 $,1.98 $,1.46 $,1.02 $,2.07 $,1.36 $,2.94 $,10.57 $,9.94 $,2.01 $,2.37 $,1.37 $,2.68 $,1.64 $,1.55 $,1.06 $,1.46 $,4.50 $,1.13 $,45.04 $,1.50 $,1.63 $,11.26 $,1.82 $,"38,782.60 $","38,609.21 $",127.63 $,0.22 $,38.88 $,47.90 $,22.72 $,8.76 $,311.98 $,"5,639.36 $",92.39 $,46.18 $,107.49 $,109.55 $,492.75 $,410.09 $,843.00 $,777.69 $,"2,896.42 $","2,068.88 $",688.74 $,9.41
Us Virgin Islands,17.50 $,100.00 $,9.00 $,5.81 $,2.54 $,1.73 $,1.88 $,4.93 $,4.56 $,4.35 $,13.66 $,13.81 $,7.34 $,3.96 $,5.33 $,5.12 $,4.12 $,3.20 $,3.45 $,2.48 $,4.25 $,2.00 $,140.00 $,15.00 $,3.11 $,15.00 $,1.02 $,"37,000.00 $","34,500.00 $",296.26 $,?,104.40 $,101.56 $,38.33 $,9.50 $,"1,019.17 $","17,116.67 $",62.14 $,56.50 $,95.00 $,95.00 $,"1,535.94 $","1,400.00 $","2,953.85 $","3,133.33 $","4,126.17 $","4,484.96 $","2,573.81 $",4.59
Uzbekistan,4.50 $,27.00 $,3.00 $,1.49 $,0.53 $,0.26 $,0.86 $,0.38 $,1.11 $,1.37 $,5.16 $,3.17 $,1.29 $,1.81 $,2.01 $,1.42 $,0.47 $,0.34 $,0.27 $,0.29 $,1.80 $,0.14 $,14.09 $,0.48 $,0.20 $,3.00 $,0.84 $,"12,000.00 $","18,168.81 $",37.49 $,0.02 $,18.86 $,35.50 $,7.39 $,4.00 $,178.67 $,"5,261.18 $",42.82 $,42.24 $,86.07 $,75.85 $,357.55 $,225.81 $,642.96 $,399.77 $,"1,095.06 $",525.27 $,278.75 $,19.97
Vanuatu,12.76 $,55.29 $,10.21 $,3.33 $,2.13 $,0.86 $,1.92 $,2.38 $,1.86 $,3.95 $,21.61 $,18.40 $,3.53 $,0.46 $,3.14 $,4.47 $,4.20 $,2.55 $,2.37 $,1.34 $,7.66 $,1.28 $,51.04 $,1.34 $,1.21 $,4.25 $,1.36 $,"13,380.08 $","26,352.90 $",257.33 $,0.17 $,119.09 $,67.05 $,0.00 $,5.74 $,542.35 $,"5,845.92 $",46.79 $,34.03 $,102.08 $,51.04 $,"1,347.52 $",891.85 $,"2,062.89 $","1,651.02 $",?,?,829.17 $,7.50
Vatican City,1.02 $,?,?,1.02 $,1.02 $,1.02 $,1.02 $,1.12 $,?,0.71 $,10.20 $,10.20 $,?,?,?,?,?,?,1.02 $,1.02 $,?,1.02 $,?,1.02 $,0.63 $,?,1.95 $,?,?,?,?,?,?,?,?,?,?,?,?,?,?,866.64 $,101.96 $,?,213.60 $,?,?,?,4.70
Venezuela,10.00 $,47.50 $,9.00 $,1.55 $,1.12 $,0.82 $,1.67 $,2.16 $,1.07 $,1.94 $,4.41 $,4.97 $,4.30 $,0.94 $,1.19 $,1.28 $,1.29 $,1.54 $,0.94 $,1.21 $,3.00 $,0.50 $,30.00 $,3.50 $,2.00 $,10.00 $,0.50 $,"39,000.00 $","29,833.33 $",15.67 $,0.07 $,44.06 $,36.77 $,11.62 $,5.50 $,57.36 $,"7,866.67 $",40.58 $,32.81 $,65.23 $,71.33 $,242.86 $,260.51 $,451.81 $,395.10 $,742.30 $,758.94 $,205.42 $,23.11
Vietnam,2.14 $,21.39 $,4.68 $,1.79 $,0.53 $,0.30 $,1.45 $,0.94 $,0.95 $,1.46 $,12.85 $,3.61 $,2.83 $,1.04 $,1.45 $,0.94 $,1.18 $,1.16 $,0.80 $,0.53 $,1.28 $,0.30 $,8.55 $,0.51 $,0.64 $,2.14 $,1.14 $,"42,775.00 $","35,277.71 $",68.96 $,0.07 $,10.57 $,22.07 $,7.14 $,3.85 $,192.40 $,"12,400.66 $",37.90 $,34.22 $,89.55 $,85.33 $,371.06 $,238.29 $,879.05 $,471.85 $,"2,780.54 $","1,338.07 $",428.11 $,9.78
Western Sahara,3.06 $,25.49 $,5.10 $,1.02 $,0.51 $,0.31 $,0.71 $,0.51 $,1.63 $,1.22 $,10.20 $,3.06 $,1.33 $,1.02 $,0.61 $,0.51 $,0.41 $,0.31 $,0.82 $,0.51 $,?,0.51 $,10.20 $,?,?,?,0.92 $,"34,767.36 $","23,450.13 $",28.89 $,0.10 $,20.39 $,20.39 $,30.59 $,3.06 $,254.89 $,"3,058.71 $",30.59 $,50.98 $,66.27 $,71.37 $,305.87 $,152.94 $,611.74 $,254.89 $,570.96 $,469.00 $,203.91 $,?
Yemen,5.50 $,15.98 $,8.39 $,2.92 $,1.12 $,0.60 $,2.15 $,1.20 $,3.50 $,3.58 $,5.96 $,9.23 $,5.27 $,1.70 $,3.81 $,2.33 $,1.79 $,1.73 $,0.70 $,0.91 $,4.00 $,0.80 $,49.95 $,2.00 $,4.00 $,5.50 $,1.93 $,"7,991.35 $","27,476.21 $",78.59 $,0.06 $,59.51 $,53.15 $,20.69 $,5.00 $,45.83 $,"1,870.93 $",51.13 $,66.14 $,67.02 $,79.32 $,204.83 $,113.79 $,481.63 $,304.06 $,"1,349.96 $",766.87 $,348.93 $,12.00
Zambia,3.00 $,15.83 $,3.31 $,1.63 $,0.78 $,0.66 $,1.05 $,0.95 $,1.87 $,1.68 $,10.56 $,3.85 $,2.46 $,1.16 $,1.92 $,0.89 $,1.29 $,1.38 $,1.07 $,1.04 $,2.33 $,1.66 $,40.00 $,2.87 $,0.56 $,8.48 $,1.26 $,"7,289.89 $","6,604.50 $",166.85 $,0.08 $,21.88 $,19.11 $,?,2.00 $,83.93 $,"10,600.00 $",10.00 $,10.00 $,99.73 $,121.45 $,311.39 $,206.67 $,862.50 $,462.50 $,"10,763.91 $","39,211.94 $",630.61 $,19.50
Zimbabwe,7.00 $,40.00 $,6.00 $,2.21 $,0.71 $,0.50 $,1.66 $,1.03 $,1.79 $,1.92 $,8.76 $,4.56 $,2.97 $,1.69 $,2.11 $,1.71 $,1.74 $,1.46 $,1.01 $,1.14 $,2.00 $,0.50 $,31.00 $,5.00 $,1.50 $,7.50 $,1.38 $,"28,000.00 $","29,333.33 $",66.92 $,0.19 $,89.67 $,33.00 $,9.17 $,8.00 $,255.56 $,"6,814.29 $",22.50 $,19.38 $,43.00 $,50.00 $,250.00 $,190.00 $,637.50 $,546.15 $,"1,219.10 $","1,325.00 $",292.88 $,14.17
